{
  "orientation": [
    [
      0.998622914414724,
      -0.038721315376047734,
      0.035396848454541725
    ],
    [
      -0.04178237071353349,
      -0.9950413725512353,
      0.09027895210372645
    ],
    [
      0.03172555188679942,
      -0.0916335933538499,
      -0.995288984733163
    ]
  ],
  "position": [
    -1.282583490163599,
    -2.512375113451477,
    9.785302520749797
  ],
  "focal_length": 885.2943725585938,
  "principal_point": [
    294.85223388671875,
    832.7168579101562
  ],
  "skew": 0.0,
  "pixel_aspect_ratio": 1.0,
  "radial_distortion": [
    -0.0803944543004036,
    0.04438035190105438,
    0.0
  ],
  "tangential_distortion": [
    0.037947043776512146,
    -0.009519228711724281
  ],
  "image_size": [
    720,
    1280
  ]
}