{
  "orientation": [
    [
      0.9495316129430991,
      -0.04905938579248992,
      0.3098112000151538
    ],
    [
      -0.0904145799417932,
      -0.9885811405196276,
      0.12056516528523659
    ],
    [
      0.30035813077577084,
      -0.14249186647655004,
      -0.9431248112904431
    ]
  ],
  "position": [
    -5.638072356085709,
    -1.692602988408279,
    8.516400009371615
  ],
  "focal_length": 885.2943725585938,
  "principal_point": [
    294.85223388671875,
    832.7168579101562
  ],
  "skew": 0.0,
  "pixel_aspect_ratio": 1.0,
  "radial_distortion": [
    -0.0803944543004036,
    0.04438035190105438,
    0.0
  ],
  "tangential_distortion": [
    0.037947043776512146,
    -0.009519228711724281
  ],
  "image_size": [
    720,
    1280
  ]
}