{
  "orientation": [
    [
      0.9882539681750486,
      -0.045221030606908144,
      -0.14597661651976787
    ],
    [
      -0.03684673832227192,
      -0.9975454547134879,
      0.05957138368120342
    ],
    [
      -0.14831194171313486,
      -0.05349289924403246,
      -0.9874945199022458
    ]
  ],
  "position": [
    3.74070172772592,
    -2.0632057206157572,
    8.713042106419552
  ],
  "focal_length": 885.2943725585938,
  "principal_point": [
    294.85223388671875,
    832.7168579101562
  ],
  "skew": 0.0,
  "pixel_aspect_ratio": 1.0,
  "radial_distortion": [
    -0.0803944543004036,
    0.04438035190105438,
    0.0
  ],
  "tangential_distortion": [
    0.037947043776512146,
    -0.009519228711724281
  ],
  "image_size": [
    720,
    1280
  ]
}