{
  "orientation": [
    [
      0.9846267100184597,
      -0.016819621259826806,
      -0.17386019780124196
    ],
    [
      -0.00903655663041238,
      -0.9989269265577914,
      0.04546132858487432
    ],
    [
      -0.17443797947430012,
      -0.04319134280284121,
      -0.9837221506828928
    ]
  ],
  "position": [
    3.2035450136318824,
    -1.4590229598785138,
    8.554922458979192
  ],
  "focal_length": 885.2943725585938,
  "principal_point": [
    294.85223388671875,
    832.7168579101562
  ],
  "skew": 0.0,
  "pixel_aspect_ratio": 1.0,
  "radial_distortion": [
    -0.0803944543004036,
    0.04438035190105438,
    0.0
  ],
  "tangential_distortion": [
    0.037947043776512146,
    -0.009519228711724281
  ],
  "image_size": [
    720,
    1280
  ]
}