{
  "orientation": [
    [
      0.9896616173780924,
      -0.07273560175520896,
      0.12361000336161164
    ],
    [
      -0.08250963081229132,
      -0.993699090018535,
      0.07587934091809492
    ],
    [
      0.11731181320297367,
      -0.08529387898467705,
      -0.9894272487024469
    ]
  ],
  "position": [
    -1.5419254757865317,
    -2.1644222281863232,
    9.488564891637022
  ],
  "focal_length": 885.2943725585938,
  "principal_point": [
    294.85223388671875,
    832.7168579101562
  ],
  "skew": 0.0,
  "pixel_aspect_ratio": 1.0,
  "radial_distortion": [
    -0.0803944543004036,
    0.04438035190105438,
    0.0
  ],
  "tangential_distortion": [
    0.037947043776512146,
    -0.009519228711724281
  ],
  "image_size": [
    720,
    1280
  ]
}