{
  "orientation": [
    [
      0.9941275974773852,
      0.0023834171998455677,
      0.10818802540694139
    ],
    [
      -0.014603349661753315,
      -0.9876590985708809,
      0.1559470792348567
    ],
    [
      0.10722439879830561,
      -0.1566112022355923,
      -0.9818243704686034
    ]
  ],
  "position": [
    -3.605647426328127,
    -1.9809579478494226,
    7.974762304747666
  ],
  "focal_length": 885.2943725585938,
  "principal_point": [
    294.85223388671875,
    832.7168579101562
  ],
  "skew": 0.0,
  "pixel_aspect_ratio": 1.0,
  "radial_distortion": [
    -0.0803944543004036,
    0.04438035190105438,
    0.0
  ],
  "tangential_distortion": [
    0.037947043776512146,
    -0.009519228711724281
  ],
  "image_size": [
    720,
    1280
  ]
}