{
  "orientation": [
    [
      0.9722119496621277,
      -0.03671301935992109,
      -0.23120581073346674
    ],
    [
      -0.022576959495303563,
      -0.997728587185343,
      0.0634931627220329
    ],
    [
      -0.2330112735628665,
      -0.05650889329987966,
      -0.9708325703386256
    ]
  ],
  "position": [
    4.543212415402438,
    -1.9327541854695292,
    8.348236260835028
  ],
  "focal_length": 885.2943725585938,
  "principal_point": [
    294.85223388671875,
    832.7168579101562
  ],
  "skew": 0.0,
  "pixel_aspect_ratio": 1.0,
  "radial_distortion": [
    -0.0803944543004036,
    0.04438035190105438,
    0.0
  ],
  "tangential_distortion": [
    0.037947043776512146,
    -0.009519228711724281
  ],
  "image_size": [
    720,
    1280
  ]
}