{
  "orientation": [
    [
      0.9999791186549868,
      -0.0017622657445499393,
      -0.006217451976960806
    ],
    [
      -0.004790673975224006,
      -0.8478694650555338,
      -0.5301863577745402
    ],
    [
      -0.004337249416777806,
      0.5302050725396873,
      -0.8478602028670752
    ]
  ],
  "position": [
    0.9223507869302522,
    -6.1159693681631175,
    8.735930035551146
  ],
  "focal_length": 885.2943725585938,
  "principal_point": [
    294.85223388671875,
    832.7168579101562
  ],
  "skew": 0.0,
  "pixel_aspect_ratio": 1.0,
  "radial_distortion": [
    -0.0803944543004036,
    0.04438035190105438,
    0.0
  ],
  "tangential_distortion": [
    0.037947043776512146,
    -0.009519228711724281
  ],
  "image_size": [
    720,
    1280
  ]
}