{
  "orientation": [
    [
      0.9954462280957374,
      -0.03593787483999159,
      0.08829090478146231
    ],
    [
      -0.042383166012522365,
      -0.9964876908180205,
      0.07224503419397221
    ],
    [
      0.08538431913354533,
      -0.07565809195927653,
      -0.9934730805203622
    ]
  ],
  "position": [
    -2.4800874490221223,
    -2.597098477006798,
    9.819046846763246
  ],
  "focal_length": 885.2943725585938,
  "principal_point": [
    294.85223388671875,
    832.7168579101562
  ],
  "skew": 0.0,
  "pixel_aspect_ratio": 1.0,
  "radial_distortion": [
    -0.0803944543004036,
    0.04438035190105438,
    0.0
  ],
  "tangential_distortion": [
    0.037947043776512146,
    -0.009519228711724281
  ],
  "image_size": [
    720,
    1280
  ]
}