{
  "orientation": [
    [
      0.9984259417202481,
      -0.054455754568474485,
      0.013424316322771709
    ],
    [
      -0.05470288271117815,
      -0.9983275824102362,
      0.018785659965666543
    ],
    [
      0.012378856871409839,
      -0.019490438467018416,
      -0.9997350435045789
    ]
  ],
  "position": [
    -2.0468184974306984,
    -0.6686279663424723,
    8.887464650568996
  ],
  "focal_length": 885.2943725585938,
  "principal_point": [
    294.85223388671875,
    832.7168579101562
  ],
  "skew": 0.0,
  "pixel_aspect_ratio": 1.0,
  "radial_distortion": [
    -0.0803944543004036,
    0.04438035190105438,
    0.0
  ],
  "tangential_distortion": [
    0.037947043776512146,
    -0.009519228711724281
  ],
  "image_size": [
    720,
    1280
  ]
}