{
  "orientation": [
    [
      0.9765525404335799,
      -0.03862222001685432,
      0.21178644587495288
    ],
    [
      -0.06261013079938592,
      -0.9922057228345222,
      0.1077546683529267
    ],
    [
      0.2059736537925626,
      -0.11848806332932922,
      -0.9713591981265657
    ]
  ],
  "position": [
    -4.782084311405389,
    -1.9565092060904827,
    8.833369424304658
  ],
  "focal_length": 885.2943725585938,
  "principal_point": [
    294.85223388671875,
    832.7168579101562
  ],
  "skew": 0.0,
  "pixel_aspect_ratio": 1.0,
  "radial_distortion": [
    -0.0803944543004036,
    0.04438035190105438,
    0.0
  ],
  "tangential_distortion": [
    0.037947043776512146,
    -0.009519228711724281
  ],
  "image_size": [
    720,
    1280
  ]
}