{
  "orientation": [
    [
      0.9889619984088183,
      -0.04469760486888591,
      -0.1412667984834202
    ],
    [
      -0.03636999795451347,
      -0.9974770604889291,
      0.060992545291647784
    ],
    [
      -0.14363637242550717,
      -0.05518144118587305,
      -0.9880925760492394
    ]
  ],
  "position": [
    3.475832401706951,
    -2.083254100599099,
    8.820942523834288
  ],
  "focal_length": 885.2943725585938,
  "principal_point": [
    294.85223388671875,
    832.7168579101562
  ],
  "skew": 0.0,
  "pixel_aspect_ratio": 1.0,
  "radial_distortion": [
    -0.0803944543004036,
    0.04438035190105438,
    0.0
  ],
  "tangential_distortion": [
    0.037947043776512146,
    -0.009519228711724281
  ],
  "image_size": [
    720,
    1280
  ]
}