{
  "orientation": [
    [
      0.9964396616423635,
      -0.04587455697957909,
      0.07073564849983377
    ],
    [
      -0.053900262385773785,
      -0.9917779100807802,
      0.11608113569243476
    ],
    [
      0.06482876415226058,
      -0.11948051460731186,
      -0.9907194998512632
    ]
  ],
  "position": [
    -3.1175054724765294,
    -0.2192164676396109,
    8.293151882599503
  ],
  "focal_length": 885.2943725585938,
  "principal_point": [
    294.85223388671875,
    832.7168579101562
  ],
  "skew": 0.0,
  "pixel_aspect_ratio": 1.0,
  "radial_distortion": [
    -0.0803944543004036,
    0.04438035190105438,
    0.0
  ],
  "tangential_distortion": [
    0.037947043776512146,
    -0.009519228711724281
  ],
  "image_size": [
    720,
    1280
  ]
}