{
  "orientation": [
    [
      0.9954035928297831,
      -0.01664554755918356,
      -0.0943112969471415
    ],
    [
      -0.04549844812670277,
      -0.9487427447204249,
      -0.3127624008157983
    ],
    [
      -0.08427090959197416,
      0.3156158327658093,
      -0.9451392901305795
    ]
  ],
  "position": [
    1.9920232855151507,
    -7.636985616538502,
    8.653850453708118
  ],
  "focal_length": 885.2943725585938,
  "principal_point": [
    294.85223388671875,
    832.7168579101562
  ],
  "skew": 0.0,
  "pixel_aspect_ratio": 1.0,
  "radial_distortion": [
    -0.0803944543004036,
    0.04438035190105438,
    0.0
  ],
  "tangential_distortion": [
    0.037947043776512146,
    -0.009519228711724281
  ],
  "image_size": [
    720,
    1280
  ]
}