{
  "orientation": [
    [
      0.998528980135919,
      -0.011294804897341668,
      -0.05303117589529829
    ],
    [
      -0.032747235082790066,
      -0.9051572894308078,
      -0.4238171961848097
    ],
    [
      -0.04321454418294334,
      0.4249303761439654,
      -0.9041956606983672
    ]
  ],
  "position": [
    1.7844393702376873,
    -7.134199451279328,
    9.064967268761041
  ],
  "focal_length": 885.2943725585938,
  "principal_point": [
    294.85223388671875,
    832.7168579101562
  ],
  "skew": 0.0,
  "pixel_aspect_ratio": 1.0,
  "radial_distortion": [
    -0.0803944543004036,
    0.04438035190105438,
    0.0
  ],
  "tangential_distortion": [
    0.037947043776512146,
    -0.009519228711724281
  ],
  "image_size": [
    720,
    1280
  ]
}