{
  "orientation": [
    [
      0.9837841078165047,
      -0.0758716014933169,
      0.1625187847720325
    ],
    [
      -0.08997308849082211,
      -0.9926273932248033,
      0.08123367468175119
    ],
    [
      0.15515701293967218,
      -0.0945387044639242,
      -0.9833574772703713
    ]
  ],
  "position": [
    -2.461318872898417,
    -2.069375305580832,
    9.41886195826463
  ],
  "focal_length": 885.2943725585938,
  "principal_point": [
    294.85223388671875,
    832.7168579101562
  ],
  "skew": 0.0,
  "pixel_aspect_ratio": 1.0,
  "radial_distortion": [
    -0.0803944543004036,
    0.04438035190105438,
    0.0
  ],
  "tangential_distortion": [
    0.037947043776512146,
    -0.009519228711724281
  ],
  "image_size": [
    720,
    1280
  ]
}