{
  "orientation": [
    [
      0.9506672066116257,
      -0.05336117105037275,
      0.30558882634491397
    ],
    [
      -0.09276141552187081,
      -0.9889225031537336,
      0.11589198599738613
    ],
    [
      0.2960190283632252,
      -0.13852154363914798,
      -0.9450861298498412
    ]
  ],
  "position": [
    -5.247806182660508,
    -1.6740517655434721,
    8.667382433953831
  ],
  "focal_length": 885.2943725585938,
  "principal_point": [
    294.85223388671875,
    832.7168579101562
  ],
  "skew": 0.0,
  "pixel_aspect_ratio": 1.0,
  "radial_distortion": [
    -0.0803944543004036,
    0.04438035190105438,
    0.0
  ],
  "tangential_distortion": [
    0.037947043776512146,
    -0.009519228711724281
  ],
  "image_size": [
    720,
    1280
  ]
}