{
  "orientation": [
    [
      0.9571124268931781,
      -0.06315265283122816,
      0.28275009840496573
    ],
    [
      -0.10101062591261038,
      -0.9874557514847047,
      0.12137295711658666
    ],
    [
      0.2715377122249912,
      -0.14472830997030425,
      -0.9514853272437906
    ]
  ],
  "position": [
    -6.015604290143908,
    -1.7710017936010738,
    8.311375435003793
  ],
  "focal_length": 885.2943725585938,
  "principal_point": [
    294.85223388671875,
    832.7168579101562
  ],
  "skew": 0.0,
  "pixel_aspect_ratio": 1.0,
  "radial_distortion": [
    -0.0803944543004036,
    0.04438035190105438,
    0.0
  ],
  "tangential_distortion": [
    0.037947043776512146,
    -0.009519228711724281
  ],
  "image_size": [
    720,
    1280
  ]
}