{
  "orientation": [
    [
      0.9804819474650333,
      -0.035425862238822915,
      0.19339129274609754
    ],
    [
      -0.05662876515387955,
      -0.9928354275491336,
      0.10523487741774849
    ],
    [
      0.18827736662306918,
      -0.11413240010013694,
      -0.9754633676576268
    ]
  ],
  "position": [
    -4.227241366852697,
    -1.9728284477671374,
    8.990722772175499
  ],
  "focal_length": 885.2943725585938,
  "principal_point": [
    294.85223388671875,
    832.7168579101562
  ],
  "skew": 0.0,
  "pixel_aspect_ratio": 1.0,
  "radial_distortion": [
    -0.0803944543004036,
    0.04438035190105438,
    0.0
  ],
  "tangential_distortion": [
    0.037947043776512146,
    -0.009519228711724281
  ],
  "image_size": [
    720,
    1280
  ]
}