{
  "orientation": [
    [
      0.9985631226143931,
      -0.0534950620220424,
      -0.003157680283533801
    ],
    [
      -0.053018684941035836,
      -0.9948040085612733,
      0.0869333433803239
    ],
    [
      -0.0077917682613358975,
      -0.08664101501838468,
      -0.9962108350431376
    ]
  ],
  "position": [
    0.8936083969130979,
    -1.8379849977705573,
    9.135299148435712
  ],
  "focal_length": 885.2943725585938,
  "principal_point": [
    294.85223388671875,
    832.7168579101562
  ],
  "skew": 0.0,
  "pixel_aspect_ratio": 1.0,
  "radial_distortion": [
    -0.0803944543004036,
    0.04438035190105438,
    0.0
  ],
  "tangential_distortion": [
    0.037947043776512146,
    -0.009519228711724281
  ],
  "image_size": [
    720,
    1280
  ]
}