{
  "orientation": [
    [
      0.9985652594481381,
      -0.04188083956982518,
      -0.03336795446300418
    ],
    [
      -0.047697358383546905,
      -0.9788876617095599,
      -0.19876452152617347
    ],
    [
      -0.024339003910391302,
      0.20007090815814216,
      -0.9794808180287291
    ]
  ],
  "position": [
    0.27001460143143347,
    -0.9517146412890072,
    8.591550667436218
  ],
  "focal_length": 885.2943725585938,
  "principal_point": [
    294.85223388671875,
    832.7168579101562
  ],
  "skew": 0.0,
  "pixel_aspect_ratio": 1.0,
  "radial_distortion": [
    -0.0803944543004036,
    0.04438035190105438,
    0.0
  ],
  "tangential_distortion": [
    0.037947043776512146,
    -0.009519228711724281
  ],
  "image_size": [
    720,
    1280
  ]
}