{
  "orientation": [
    [
      0.9989277230472232,
      -0.04617903487984355,
      -0.0033019232532959623
    ],
    [
      -0.04624019895472996,
      -0.9986943338678724,
      -0.021791882387536744
    ],
    [
      -0.002291279169253423,
      0.02192119693199794,
      -0.9997587847178637
    ]
  ],
  "position": [
    -1.0348080977379799,
    -1.108938002893046,
    9.069588694041947
  ],
  "focal_length": 885.2943725585938,
  "principal_point": [
    294.85223388671875,
    832.7168579101562
  ],
  "skew": 0.0,
  "pixel_aspect_ratio": 1.0,
  "radial_distortion": [
    -0.0803944543004036,
    0.04438035190105438,
    0.0
  ],
  "tangential_distortion": [
    0.037947043776512146,
    -0.009519228711724281
  ],
  "image_size": [
    720,
    1280
  ]
}