{
  "orientation": [
    [
      0.9789156757508767,
      -0.04344423445821914,
      -0.199591418039604
    ],
    [
      -0.03256144347098695,
      -0.9978166723875495,
      0.05748949248498294
    ],
    [
      -0.20165289004079856,
      -0.0497783872723341,
      -0.9781930237604051
    ]
  ],
  "position": [
    4.468856799057687,
    -2.086549635992501,
    8.436229893803969
  ],
  "focal_length": 885.2943725585938,
  "principal_point": [
    294.85223388671875,
    832.7168579101562
  ],
  "skew": 0.0,
  "pixel_aspect_ratio": 1.0,
  "radial_distortion": [
    -0.0803944543004036,
    0.04438035190105438,
    0.0
  ],
  "tangential_distortion": [
    0.037947043776512146,
    -0.009519228711724281
  ],
  "image_size": [
    720,
    1280
  ]
}