{
  "orientation": [
    [
      0.9988207073027844,
      -0.028225190767561307,
      -0.03950361186465333
    ],
    [
      -0.03720484343549843,
      -0.9677220705459464,
      -0.24926545321667332
    ],
    [
      -0.031192889721192187,
      0.2504412209451716,
      -0.9676309578995794
    ]
  ],
  "position": [
    0.42589811750952267,
    -1.619881412417216,
    8.742524410245661
  ],
  "focal_length": 885.2943725585938,
  "principal_point": [
    294.85223388671875,
    832.7168579101562
  ],
  "skew": 0.0,
  "pixel_aspect_ratio": 1.0,
  "radial_distortion": [
    -0.0803944543004036,
    0.04438035190105438,
    0.0
  ],
  "tangential_distortion": [
    0.037947043776512146,
    -0.009519228711724281
  ],
  "image_size": [
    720,
    1280
  ]
}