{
  "orientation": [
    [
      0.9907968219163804,
      0.0018862634535592431,
      0.1353444298390803
    ],
    [
      -0.013627982973249558,
      -0.9934336149038161,
      0.11360976824857634
    ],
    [
      0.13466978413275482,
      -0.11440866825375677,
      -0.9842651774349482
    ]
  ],
  "position": [
    -2.8254901445484624,
    -4.279540839504773,
    8.023263427990289
  ],
  "focal_length": 885.2943725585938,
  "principal_point": [
    294.85223388671875,
    832.7168579101562
  ],
  "skew": 0.0,
  "pixel_aspect_ratio": 1.0,
  "radial_distortion": [
    -0.0803944543004036,
    0.04438035190105438,
    0.0
  ],
  "tangential_distortion": [
    0.037947043776512146,
    -0.009519228711724281
  ],
  "image_size": [
    720,
    1280
  ]
}