{
  "orientation": [
    [
      0.9526765993321685,
      -0.05856303293906871,
      0.2982913792522106
    ],
    [
      -0.09882884417455993,
      -0.9876315370551079,
      0.12173787883583705
    ],
    [
      0.2874721470374637,
      -0.1454566009409884,
      -0.9466812443520427
    ]
  ],
  "position": [
    -6.131430264769949,
    -1.740235965919173,
    8.345118382617002
  ],
  "focal_length": 885.2943725585938,
  "principal_point": [
    294.85223388671875,
    832.7168579101562
  ],
  "skew": 0.0,
  "pixel_aspect_ratio": 1.0,
  "radial_distortion": [
    -0.0803944543004036,
    0.04438035190105438,
    0.0
  ],
  "tangential_distortion": [
    0.037947043776512146,
    -0.009519228711724281
  ],
  "image_size": [
    720,
    1280
  ]
}