{
  "orientation": [
    [
      0.9999055143690051,
      -0.007135188780697679,
      -0.011749535257578424
    ],
    [
      -0.011872043008496825,
      -0.8791121702344198,
      -0.4764704538840589
    ],
    [
      -0.006929436666113212,
      0.47656492517886845,
      -0.8791138161145813
    ]
  ],
  "position": [
    1.1167279140349922,
    -7.049641644775122,
    8.884341454431494
  ],
  "focal_length": 885.2943725585938,
  "principal_point": [
    294.85223388671875,
    832.7168579101562
  ],
  "skew": 0.0,
  "pixel_aspect_ratio": 1.0,
  "radial_distortion": [
    -0.0803944543004036,
    0.04438035190105438,
    0.0
  ],
  "tangential_distortion": [
    0.037947043776512146,
    -0.009519228711724281
  ],
  "image_size": [
    720,
    1280
  ]
}