{
  "orientation": [
    [
      0.9729452964233014,
      -0.03981589895551052,
      -0.22757897320508716
    ],
    [
      -0.026549493392279105,
      -0.9977824909505772,
      0.06106164869457809
    ],
    [
      -0.22950516171827276,
      -0.053367543798186166,
      -0.9718449171344634
    ]
  ],
  "position": [
    4.66375229161047,
    -1.9890765941552395,
    8.348273732367897
  ],
  "focal_length": 885.2943725585938,
  "principal_point": [
    294.85223388671875,
    832.7168579101562
  ],
  "skew": 0.0,
  "pixel_aspect_ratio": 1.0,
  "radial_distortion": [
    -0.0803944543004036,
    0.04438035190105438,
    0.0
  ],
  "tangential_distortion": [
    0.037947043776512146,
    -0.009519228711724281
  ],
  "image_size": [
    720,
    1280
  ]
}