{
  "orientation": [
    [
      0.9985579473447529,
      -0.04323777091247273,
      0.03182017165153685
    ],
    [
      -0.045900872507413856,
      -0.9950316173863172,
      0.08836548608220669
    ],
    [
      0.027841301342984688,
      -0.08969863094834309,
      -0.9955813815415684
    ]
  ],
  "position": [
    -0.9389672963878515,
    -2.5092915105528606,
    9.669645658619306
  ],
  "focal_length": 885.2943725585938,
  "principal_point": [
    294.85223388671875,
    832.7168579101562
  ],
  "skew": 0.0,
  "pixel_aspect_ratio": 1.0,
  "radial_distortion": [
    -0.0803944543004036,
    0.04438035190105438,
    0.0
  ],
  "tangential_distortion": [
    0.037947043776512146,
    -0.009519228711724281
  ],
  "image_size": [
    720,
    1280
  ]
}