{
  "orientation": [
    [
      0.9981898476759827,
      -0.05430028115104998,
      -0.025855569019138814
    ],
    [
      -0.05746229665549923,
      -0.9879792722107157,
      -0.14352115263289159
    ],
    [
      -0.01775149135881057,
      0.1447470768510207,
      -0.989311098493513
    ]
  ],
  "position": [
    0.03680031118419877,
    -0.2609282597554554,
    8.456409050133201
  ],
  "focal_length": 885.2943725585938,
  "principal_point": [
    294.85223388671875,
    832.7168579101562
  ],
  "skew": 0.0,
  "pixel_aspect_ratio": 1.0,
  "radial_distortion": [
    -0.0803944543004036,
    0.04438035190105438,
    0.0
  ],
  "tangential_distortion": [
    0.037947043776512146,
    -0.009519228711724281
  ],
  "image_size": [
    720,
    1280
  ]
}