{
  "orientation": [
    [
      0.9967701770863526,
      -0.04806626961786574,
      -0.0643339225298539
    ],
    [
      -0.0434022651924451,
      -0.9964595346302889,
      0.07202929494663371
    ],
    [
      -0.06756821175093564,
      -0.06900441782499958,
      -0.9953273356846366
    ]
  ],
  "position": [
    2.0356252894813265,
    -2.0459428757899882,
    9.098588882663762
  ],
  "focal_length": 885.2943725585938,
  "principal_point": [
    294.85223388671875,
    832.7168579101562
  ],
  "skew": 0.0,
  "pixel_aspect_ratio": 1.0,
  "radial_distortion": [
    -0.0803944543004036,
    0.04438035190105438,
    0.0
  ],
  "tangential_distortion": [
    0.037947043776512146,
    -0.009519228711724281
  ],
  "image_size": [
    720,
    1280
  ]
}