{
  "orientation": [
    [
      0.9970873621888974,
      -0.016637163363174882,
      -0.07443118939031018
    ],
    [
      -0.015272407512675869,
      -0.9997070556703809,
      0.018867597386214612
    ],
    [
      -0.07472316058355638,
      -0.017675900474616906,
      -0.9970493654157513
    ]
  ],
  "position": [
    1.2786936553525223,
    -0.9120970563799827,
    8.889045500226647
  ],
  "focal_length": 885.2943725585938,
  "principal_point": [
    294.85223388671875,
    832.7168579101562
  ],
  "skew": 0.0,
  "pixel_aspect_ratio": 1.0,
  "radial_distortion": [
    -0.0803944543004036,
    0.04438035190105438,
    0.0
  ],
  "tangential_distortion": [
    0.037947043776512146,
    -0.009519228711724281
  ],
  "image_size": [
    720,
    1280
  ]
}