{
  "orientation": [
    [
      0.9952033946380788,
      -0.0011302920382944073,
      -0.09782092646723506
    ],
    [
      -0.04043164097863133,
      -0.9152900759873999,
      -0.4007649177988088
    ],
    [
      -0.08908138763386603,
      0.4027976655473801,
      -0.9109454978043434
    ]
  ],
  "position": [
    2.3143608871567487,
    -7.37139492493687,
    9.02040637244457
  ],
  "focal_length": 885.2943725585938,
  "principal_point": [
    294.85223388671875,
    832.7168579101562
  ],
  "skew": 0.0,
  "pixel_aspect_ratio": 1.0,
  "radial_distortion": [
    -0.0803944543004036,
    0.04438035190105438,
    0.0
  ],
  "tangential_distortion": [
    0.037947043776512146,
    -0.009519228711724281
  ],
  "image_size": [
    720,
    1280
  ]
}