{
  "orientation": [
    [
      0.9685653813732575,
      -0.06786943831084521,
      0.23932174003441306
    ],
    [
      -0.0930316210666769,
      -0.9910790814498964,
      0.09545043802878989
    ],
    [
      0.23070819966233333,
      -0.11471446282641085,
      -0.9662389406128282
    ]
  ],
  "position": [
    -3.9163165513040754,
    -1.8404805852445736,
    9.144445887696085
  ],
  "focal_length": 885.2943725585938,
  "principal_point": [
    294.85223388671875,
    832.7168579101562
  ],
  "skew": 0.0,
  "pixel_aspect_ratio": 1.0,
  "radial_distortion": [
    -0.0803944543004036,
    0.04438035190105438,
    0.0
  ],
  "tangential_distortion": [
    0.037947043776512146,
    -0.009519228711724281
  ],
  "image_size": [
    720,
    1280
  ]
}