{
  "orientation": [
    [
      0.9990478925321531,
      -0.027720408526970053,
      -0.03368811368516675
    ],
    [
      -0.039226035366256864,
      -0.9087390495019494,
      -0.41552125913179133
    ],
    [
      -0.019095240297309655,
      0.4164470885864398,
      -0.9089611946149616
    ]
  ],
  "position": [
    0.7604260654013995,
    -3.77070986815124,
    8.819899800607963
  ],
  "focal_length": 885.2943725585938,
  "principal_point": [
    294.85223388671875,
    832.7168579101562
  ],
  "skew": 0.0,
  "pixel_aspect_ratio": 1.0,
  "radial_distortion": [
    -0.0803944543004036,
    0.04438035190105438,
    0.0
  ],
  "tangential_distortion": [
    0.037947043776512146,
    -0.009519228711724281
  ],
  "image_size": [
    720,
    1280
  ]
}