{
  "orientation": [
    [
      0.9975624853926486,
      -0.059983283756779304,
      0.035652454639250965
    ],
    [
      -0.06295809629255436,
      -0.9940244217203003,
      0.08919132962455065
    ],
    [
      0.030089366282253345,
      -0.09121853341690761,
      -0.9953779069419799
    ]
  ],
  "position": [
    0.17844865059976656,
    -1.8307997389372632,
    9.1892224549085
  ],
  "focal_length": 885.2943725585938,
  "principal_point": [
    294.85223388671875,
    832.7168579101562
  ],
  "skew": 0.0,
  "pixel_aspect_ratio": 1.0,
  "radial_distortion": [
    -0.0803944543004036,
    0.04438035190105438,
    0.0
  ],
  "tangential_distortion": [
    0.037947043776512146,
    -0.009519228711724281
  ],
  "image_size": [
    720,
    1280
  ]
}