{
  "orientation": [
    [
      0.9904890342593166,
      -0.021899462910793,
      -0.13583777887836573
    ],
    [
      -0.017260461069499838,
      -0.9992316175306697,
      0.03523545647858968
    ],
    [
      -0.1365048172412141,
      -0.03255571276757903,
      -0.9901059699939876
    ]
  ],
  "position": [
    2.5794181214837293,
    -1.2707558854356509,
    8.655089609348956
  ],
  "focal_length": 885.2943725585938,
  "principal_point": [
    294.85223388671875,
    832.7168579101562
  ],
  "skew": 0.0,
  "pixel_aspect_ratio": 1.0,
  "radial_distortion": [
    -0.0803944543004036,
    0.04438035190105438,
    0.0
  ],
  "tangential_distortion": [
    0.037947043776512146,
    -0.009519228711724281
  ],
  "image_size": [
    720,
    1280
  ]
}