{
  "orientation": [
    [
      0.991261712438539,
      0.0020089358883619807,
      0.1318946406565108
    ],
    [
      -0.0066142774974681205,
      -0.9978709428040606,
      0.06490895000260151
    ],
    [
      0.13174400703827155,
      -0.06521414443086858,
      -0.9891379864966161
    ]
  ],
  "position": [
    -2.4108791797724685,
    -5.221467147135204,
    7.994115503110868
  ],
  "focal_length": 885.2943725585938,
  "principal_point": [
    294.85223388671875,
    832.7168579101562
  ],
  "skew": 0.0,
  "pixel_aspect_ratio": 1.0,
  "radial_distortion": [
    -0.0803944543004036,
    0.04438035190105438,
    0.0
  ],
  "tangential_distortion": [
    0.037947043776512146,
    -0.009519228711724281
  ],
  "image_size": [
    720,
    1280
  ]
}