{
  "orientation": [
    [
      0.9746501780871226,
      -0.0449231868908329,
      0.21917796294709305
    ],
    [
      -0.07142253668180712,
      -0.9908520064146065,
      0.11451814695757868
    ],
    [
      0.21202804865395028,
      -0.12726936791008656,
      -0.9689426514438428
    ]
  ],
  "position": [
    -4.834281865215924,
    -1.8689239102572617,
    8.754824779851427
  ],
  "focal_length": 885.2943725585938,
  "principal_point": [
    294.85223388671875,
    832.7168579101562
  ],
  "skew": 0.0,
  "pixel_aspect_ratio": 1.0,
  "radial_distortion": [
    -0.0803944543004036,
    0.04438035190105438,
    0.0
  ],
  "tangential_distortion": [
    0.037947043776512146,
    -0.009519228711724281
  ],
  "image_size": [
    720,
    1280
  ]
}