{
  "orientation": [
    [
      0.9961975304714431,
      -0.06570618503011877,
      0.05721174495859
    ],
    [
      -0.0702684908930852,
      -0.9941727982791622,
      0.08176829168987888
    ],
    [
      0.05150558901738094,
      -0.08547755019337248,
      -0.9950095634014422
    ]
  ],
  "position": [
    -0.1973492893796216,
    -2.0087037259957796,
    9.292362348006149
  ],
  "focal_length": 885.2943725585938,
  "principal_point": [
    294.85223388671875,
    832.7168579101562
  ],
  "skew": 0.0,
  "pixel_aspect_ratio": 1.0,
  "radial_distortion": [
    -0.0803944543004036,
    0.04438035190105438,
    0.0
  ],
  "tangential_distortion": [
    0.037947043776512146,
    -0.009519228711724281
  ],
  "image_size": [
    720,
    1280
  ]
}