{
  "orientation": [
    [
      0.9992054570366586,
      -0.024492254848964456,
      -0.03144177850775012
    ],
    [
      -0.024559948531179227,
      -0.9996985004703416,
      -0.0017685380745263773
    ],
    [
      -0.031388929759755546,
      0.0025393406995910077,
      -0.9995057264218059
    ]
  ],
  "position": [
    0.39678546239076795,
    -0.9296817867166443,
    9.06844460091616
  ],
  "focal_length": 885.2943725585938,
  "principal_point": [
    294.85223388671875,
    832.7168579101562
  ],
  "skew": 0.0,
  "pixel_aspect_ratio": 1.0,
  "radial_distortion": [
    -0.0803944543004036,
    0.04438035190105438,
    0.0
  ],
  "tangential_distortion": [
    0.037947043776512146,
    -0.009519228711724281
  ],
  "image_size": [
    720,
    1280
  ]
}