{
  "orientation": [
    [
      0.9861914387657286,
      -0.03806461364696568,
      0.16117553983447688
    ],
    [
      -0.05335859299937922,
      -0.9943623007874165,
      0.09165068161977027
    ],
    [
      0.15677796403243158,
      -0.09898521140124483,
      -0.9826626838601284
    ]
  ],
  "position": [
    -3.621347886516777,
    -2.1761969071013896,
    9.311370992994249
  ],
  "focal_length": 885.2943725585938,
  "principal_point": [
    294.85223388671875,
    832.7168579101562
  ],
  "skew": 0.0,
  "pixel_aspect_ratio": 1.0,
  "radial_distortion": [
    -0.0803944543004036,
    0.04438035190105438,
    0.0
  ],
  "tangential_distortion": [
    0.037947043776512146,
    -0.009519228711724281
  ],
  "image_size": [
    720,
    1280
  ]
}