{
  "orientation": [
    [
      0.978049774317963,
      -0.021806043287043508,
      -0.2072273458355739
    ],
    [
      -0.010509457062064537,
      -0.9984073893870868,
      0.05545848712651462
    ],
    [
      -0.20810628942478787,
      -0.052063316819664404,
      -0.976721328747131
    ]
  ],
  "position": [
    3.804087526371387,
    -1.7479368171530343,
    8.489392314070502
  ],
  "focal_length": 885.2943725585938,
  "principal_point": [
    294.85223388671875,
    832.7168579101562
  ],
  "skew": 0.0,
  "pixel_aspect_ratio": 1.0,
  "radial_distortion": [
    -0.0803944543004036,
    0.04438035190105438,
    0.0
  ],
  "tangential_distortion": [
    0.037947043776512146,
    -0.009519228711724281
  ],
  "image_size": [
    720,
    1280
  ]
}