{
  "orientation": [
    [
      0.9572256511065936,
      -0.05793658130622645,
      0.28348276475889844
    ],
    [
      -0.09195535312270525,
      -0.9898689722761047,
      0.10819890808919087
    ],
    [
      0.27434164540018446,
      -0.12963850981155872,
      -0.9528556179125631
    ]
  ],
  "position": [
    -4.814958185219529,
    -1.7388671828520472,
    8.837880003802509
  ],
  "focal_length": 885.2943725585938,
  "principal_point": [
    294.85223388671875,
    832.7168579101562
  ],
  "skew": 0.0,
  "pixel_aspect_ratio": 1.0,
  "radial_distortion": [
    -0.0803944543004036,
    0.04438035190105438,
    0.0
  ],
  "tangential_distortion": [
    0.037947043776512146,
    -0.009519228711724281
  ],
  "image_size": [
    720,
    1280
  ]
}