{
  "orientation": [
    [
      0.9991886572763142,
      -0.0317550117213827,
      -0.0247719156807746
    ],
    [
      -0.03213368757438659,
      -0.9993721298960057,
      -0.015041137184493082
    ],
    [
      -0.024278688160447894,
      0.015824945987455194,
      -0.9995817027369871
    ]
  ],
  "position": [
    -0.0834539304110572,
    -1.0041917885438985,
    9.117742033735055
  ],
  "focal_length": 885.2943725585938,
  "principal_point": [
    294.85223388671875,
    832.7168579101562
  ],
  "skew": 0.0,
  "pixel_aspect_ratio": 1.0,
  "radial_distortion": [
    -0.0803944543004036,
    0.04438035190105438,
    0.0
  ],
  "tangential_distortion": [
    0.037947043776512146,
    -0.009519228711724281
  ],
  "image_size": [
    720,
    1280
  ]
}