{
  "orientation": [
    [
      0.9768486077159553,
      -0.03468357521459533,
      0.2111016042323672
    ],
    [
      -0.05785386042786022,
      -0.9928327559514591,
      0.10459206909474708
    ],
    [
      0.20596059946683773,
      -0.11438365134170261,
      -0.9718539122800165
    ]
  ],
  "position": [
    -4.694617210886436,
    -2.0183788809348573,
    8.84873793068462
  ],
  "focal_length": 885.2943725585938,
  "principal_point": [
    294.85223388671875,
    832.7168579101562
  ],
  "skew": 0.0,
  "pixel_aspect_ratio": 1.0,
  "radial_distortion": [
    -0.0803944543004036,
    0.04438035190105438,
    0.0
  ],
  "tangential_distortion": [
    0.037947043776512146,
    -0.009519228711724281
  ],
  "image_size": [
    720,
    1280
  ]
}