{
  "orientation": [
    [
      0.9730567143951642,
      -0.030140961858088164,
      -0.22858739755154364
    ],
    [
      -0.015481891087968437,
      -0.9977240540547003,
      0.06565351530849044
    ],
    [
      -0.23004561927899966,
      -0.06034563316671041,
      -0.971308773886723
    ]
  ],
  "position": [
    4.2819564392224105,
    -1.8576075813578612,
    8.435211058365677
  ],
  "focal_length": 885.2943725585938,
  "principal_point": [
    294.85223388671875,
    832.7168579101562
  ],
  "skew": 0.0,
  "pixel_aspect_ratio": 1.0,
  "radial_distortion": [
    -0.0803944543004036,
    0.04438035190105438,
    0.0
  ],
  "tangential_distortion": [
    0.037947043776512146,
    -0.009519228711724281
  ],
  "image_size": [
    720,
    1280
  ]
}