{
  "orientation": [
    [
      0.9914088231897868,
      -0.03863712283519091,
      0.12496292676578151
    ],
    [
      -0.048978498542321,
      -0.9955303428830615,
      0.08077086809309057
    ],
    [
      0.12128341604436925,
      -0.08619744306526701,
      -0.9888699672888706
    ]
  ],
  "position": [
    -2.940185150644081,
    -2.3799983817697496,
    9.633919246690791
  ],
  "focal_length": 885.2943725585938,
  "principal_point": [
    294.85223388671875,
    832.7168579101562
  ],
  "skew": 0.0,
  "pixel_aspect_ratio": 1.0,
  "radial_distortion": [
    -0.0803944543004036,
    0.04438035190105438,
    0.0
  ],
  "tangential_distortion": [
    0.037947043776512146,
    -0.009519228711724281
  ],
  "image_size": [
    720,
    1280
  ]
}