{
  "orientation": [
    [
      0.978284603507337,
      -0.0322809295369939,
      0.2047369330647379
    ],
    [
      -0.05605306246977703,
      -0.9921956474598763,
      0.11139623096689484
    ],
    [
      0.19954278829435707,
      -0.12045334231186007,
      -0.9724592045453473
    ]
  ],
  "position": [
    -4.527656819380637,
    -1.9226934214085363,
    8.8472706254608
  ],
  "focal_length": 885.2943725585938,
  "principal_point": [
    294.85223388671875,
    832.7168579101562
  ],
  "skew": 0.0,
  "pixel_aspect_ratio": 1.0,
  "radial_distortion": [
    -0.0803944543004036,
    0.04438035190105438,
    0.0
  ],
  "tangential_distortion": [
    0.037947043776512146,
    -0.009519228711724281
  ],
  "image_size": [
    720,
    1280
  ]
}