{
  "orientation": [
    [
      0.9974408073300298,
      -0.03609335321022593,
      0.061717988934465375
    ],
    [
      -0.04091204777662108,
      -0.9960614947508803,
      0.0786839196503652
    ],
    [
      0.05863484161142068,
      -0.0810075596402183,
      -0.9949890376097392
    ]
  ],
  "position": [
    -2.0472894566826736,
    -2.597101216973668,
    9.811854383971179
  ],
  "focal_length": 885.2943725585938,
  "principal_point": [
    294.85223388671875,
    832.7168579101562
  ],
  "skew": 0.0,
  "pixel_aspect_ratio": 1.0,
  "radial_distortion": [
    -0.0803944543004036,
    0.04438035190105438,
    0.0
  ],
  "tangential_distortion": [
    0.037947043776512146,
    -0.009519228711724281
  ],
  "image_size": [
    720,
    1280
  ]
}