{
  "orientation": [
    [
      0.9989760672996714,
      -0.03053898988159357,
      -0.03337946736570892
    ],
    [
      -0.03981276865001846,
      -0.9438451991093755,
      -0.3279856197682486
    ],
    [
      -0.02148865275038453,
      0.3289787127145979,
      -0.9440946075589385
    ]
  ],
  "position": [
    0.575856575075387,
    -2.5748628042582884,
    8.681455609350477
  ],
  "focal_length": 885.2943725585938,
  "principal_point": [
    294.85223388671875,
    832.7168579101562
  ],
  "skew": 0.0,
  "pixel_aspect_ratio": 1.0,
  "radial_distortion": [
    -0.0803944543004036,
    0.04438035190105438,
    0.0
  ],
  "tangential_distortion": [
    0.037947043776512146,
    -0.009519228711724281
  ],
  "image_size": [
    720,
    1280
  ]
}