{
  "orientation": [
    [
      0.998681101121777,
      -0.02026544561434394,
      -0.047173850515228245
    ],
    [
      -0.0199130648167179,
      -0.999771948178346,
      0.007927889893449235
    ],
    [
      -0.047323675977107106,
      -0.0069780586562116775,
      -0.9988568990694204
    ]
  ],
  "position": [
    0.7910514599408139,
    -0.9162550170850495,
    8.997321482641501
  ],
  "focal_length": 885.2943725585938,
  "principal_point": [
    294.85223388671875,
    832.7168579101562
  ],
  "skew": 0.0,
  "pixel_aspect_ratio": 1.0,
  "radial_distortion": [
    -0.0803944543004036,
    0.04438035190105438,
    0.0
  ],
  "tangential_distortion": [
    0.037947043776512146,
    -0.009519228711724281
  ],
  "image_size": [
    720,
    1280
  ]
}