{
  "orientation": [
    [
      0.9547791815322821,
      -0.06339816913145115,
      0.2904779888173002
    ],
    [
      -0.10274085727692155,
      -0.9871692573144373,
      0.12224763259039166
    ],
    [
      0.2790001901120623,
      -0.14656343192874566,
      -0.9490423071947753
    ]
  ],
  "position": [
    -6.1105890093336725,
    -1.7454647926609463,
    8.344155596457277
  ],
  "focal_length": 885.2943725585938,
  "principal_point": [
    294.85223388671875,
    832.7168579101562
  ],
  "skew": 0.0,
  "pixel_aspect_ratio": 1.0,
  "radial_distortion": [
    -0.0803944543004036,
    0.04438035190105438,
    0.0
  ],
  "tangential_distortion": [
    0.037947043776512146,
    -0.009519228711724281
  ],
  "image_size": [
    720,
    1280
  ]
}