{
  "orientation": [
    [
      0.9960384576898446,
      -0.008194202406263453,
      0.08854519904661609
    ],
    [
      -0.020797487268360282,
      -0.9895966455854355,
      0.14236983565229278
    ],
    [
      0.08645728280834455,
      -0.14364734813864005,
      -0.985846741677016
    ]
  ],
  "position": [
    -3.359410054873624,
    -0.7708863999452871,
    8.115183834558785
  ],
  "focal_length": 885.2943725585938,
  "principal_point": [
    294.85223388671875,
    832.7168579101562
  ],
  "skew": 0.0,
  "pixel_aspect_ratio": 1.0,
  "radial_distortion": [
    -0.0803944543004036,
    0.04438035190105438,
    0.0
  ],
  "tangential_distortion": [
    0.037947043776512146,
    -0.009519228711724281
  ],
  "image_size": [
    720,
    1280
  ]
}