{
  "orientation": [
    [
      0.9915135579346752,
      0.0018927493656073352,
      0.1299895984011394
    ],
    [
      -0.01842661960278178,
      -0.9877545701857087,
      0.15493415359282695
    ],
    [
      0.1286908616905835,
      -0.15601458188050984,
      -0.9793371849834449
    ]
  ],
  "position": [
    -3.212198725266899,
    -3.2706190378382924,
    7.966596627412717
  ],
  "focal_length": 885.2943725585938,
  "principal_point": [
    294.85223388671875,
    832.7168579101562
  ],
  "skew": 0.0,
  "pixel_aspect_ratio": 1.0,
  "radial_distortion": [
    -0.0803944543004036,
    0.04438035190105438,
    0.0
  ],
  "tangential_distortion": [
    0.037947043776512146,
    -0.009519228711724281
  ],
  "image_size": [
    720,
    1280
  ]
}