{
  "orientation": [
    [
      0.9998509375386022,
      -0.016676934309498324,
      -0.004470213648670869
    ],
    [
      -0.017261407629782188,
      -0.9712665053929672,
      -0.23737450855208567
    ],
    [
      -0.0003830857170176306,
      0.23741628706923704,
      -0.9714095933830384
    ]
  ],
  "position": [
    0.37251658460611675,
    -7.537004667044101,
    8.516763850504258
  ],
  "focal_length": 885.2943725585938,
  "principal_point": [
    294.85223388671875,
    832.7168579101562
  ],
  "skew": 0.0,
  "pixel_aspect_ratio": 1.0,
  "radial_distortion": [
    -0.0803944543004036,
    0.04438035190105438,
    0.0
  ],
  "tangential_distortion": [
    0.037947043776512146,
    -0.009519228711724281
  ],
  "image_size": [
    720,
    1280
  ]
}