{
  "orientation": [
    [
      0.9986191696506299,
      -0.04682797847561392,
      -0.02380959439549182
    ],
    [
      -0.04628507297262872,
      -0.9986682824396544,
      0.0228637477167985
    ],
    [
      -0.02484850847251865,
      -0.02173014890943946,
      -0.9994567278706741
    ]
  ],
  "position": [
    -1.1657153448613986,
    1.205624478160623,
    7.750950696359776
  ],
  "focal_length": 885.2943725585938,
  "principal_point": [
    294.85223388671875,
    832.7168579101562
  ],
  "skew": 0.0,
  "pixel_aspect_ratio": 1.0,
  "radial_distortion": [
    -0.0803944543004036,
    0.04438035190105438,
    0.0
  ],
  "tangential_distortion": [
    0.037947043776512146,
    -0.009519228711724281
  ],
  "image_size": [
    720,
    1280
  ]
}