{
  "orientation": [
    [
      0.9795657620787003,
      -0.07846741662731373,
      0.18518590106579041
    ],
    [
      -0.0951784734755436,
      -0.9919845035536285,
      0.08313410477350619
    ],
    [
      0.17717790949375822,
      -0.09906102017172361,
      -0.9791824941284519
    ]
  ],
  "position": [
    -2.8707870201659107,
    -1.9998229662652736,
    9.421000040878615
  ],
  "focal_length": 885.2943725585938,
  "principal_point": [
    294.85223388671875,
    832.7168579101562
  ],
  "skew": 0.0,
  "pixel_aspect_ratio": 1.0,
  "radial_distortion": [
    -0.0803944543004036,
    0.04438035190105438,
    0.0
  ],
  "tangential_distortion": [
    0.037947043776512146,
    -0.009519228711724281
  ],
  "image_size": [
    720,
    1280
  ]
}