{
  "orientation": [
    [
      0.9643132018639933,
      -0.06319906264159518,
      0.2571108423241232
    ],
    [
      -0.092379436564113,
      -0.9903801317853749,
      0.10303626469157787
    ],
    [
      0.24812526364619428,
      -0.12311096873438857,
      -0.9608749827636591
    ]
  ],
  "position": [
    -4.277665294391987,
    -1.756218186008175,
    9.039231713425533
  ],
  "focal_length": 885.2943725585938,
  "principal_point": [
    294.85223388671875,
    832.7168579101562
  ],
  "skew": 0.0,
  "pixel_aspect_ratio": 1.0,
  "radial_distortion": [
    -0.0803944543004036,
    0.04438035190105438,
    0.0
  ],
  "tangential_distortion": [
    0.037947043776512146,
    -0.009519228711724281
  ],
  "image_size": [
    720,
    1280
  ]
}