{
  "orientation": [
    [
      0.9985408527546459,
      -0.04505060957280986,
      0.029776005517018273
    ],
    [
      -0.04745639113520525,
      -0.995187154822246,
      0.08575488937907597
    ],
    [
      0.025769339686023438,
      -0.08704282100847488,
      -0.9958729702504905
    ]
  ],
  "position": [
    -0.9972793975207164,
    -2.45418601991254,
    9.665707366460266
  ],
  "focal_length": 885.2943725585938,
  "principal_point": [
    294.85223388671875,
    832.7168579101562
  ],
  "skew": 0.0,
  "pixel_aspect_ratio": 1.0,
  "radial_distortion": [
    -0.0803944543004036,
    0.04438035190105438,
    0.0
  ],
  "tangential_distortion": [
    0.037947043776512146,
    -0.009519228711724281
  ],
  "image_size": [
    720,
    1280
  ]
}