{
  "orientation": [
    [
      0.9950563175779269,
      -0.051505647836825354,
      -0.08491231652216782
    ],
    [
      -0.045699487322658404,
      -0.9965738795546046,
      0.06895980809348479
    ],
    [
      -0.08817306910104736,
      -0.06473844695969308,
      -0.9940009228763009
    ]
  ],
  "position": [
    2.4956578474972595,
    -2.08658097587115,
    9.028968307392145
  ],
  "focal_length": 885.2943725585938,
  "principal_point": [
    294.85223388671875,
    832.7168579101562
  ],
  "skew": 0.0,
  "pixel_aspect_ratio": 1.0,
  "radial_distortion": [
    -0.0803944543004036,
    0.04438035190105438,
    0.0
  ],
  "tangential_distortion": [
    0.037947043776512146,
    -0.009519228711724281
  ],
  "image_size": [
    720,
    1280
  ]
}