{
  "orientation": [
    [
      0.9964099555766411,
      -0.06800203351432661,
      0.05042747072392575
    ],
    [
      -0.07079420122057557,
      -0.9959294392602129,
      0.05582145070933607
    ],
    [
      0.046426150381403,
      -0.05919101894435151,
      -0.9971681599193063
    ]
  ],
  "position": [
    -2.60191053263289,
    -0.24653479481054608,
    8.672433287836249
  ],
  "focal_length": 885.2943725585938,
  "principal_point": [
    294.85223388671875,
    832.7168579101562
  ],
  "skew": 0.0,
  "pixel_aspect_ratio": 1.0,
  "radial_distortion": [
    -0.0803944543004036,
    0.04438035190105438,
    0.0
  ],
  "tangential_distortion": [
    0.037947043776512146,
    -0.009519228711724281
  ],
  "image_size": [
    720,
    1280
  ]
}