{
  "orientation": [
    [
      0.9939876186680833,
      0.0023789360719886745,
      0.10946672907990186
    ],
    [
      -0.01647585370640473,
      -0.9851324901122056,
      0.1710142789185419
    ],
    [
      0.10824587916836552,
      -0.17178963301826186,
      -0.9791703130517329
    ]
  ],
  "position": [
    -3.4486276737646198,
    -2.477772298300806,
    7.949289979488949
  ],
  "focal_length": 885.2943725585938,
  "principal_point": [
    294.85223388671875,
    832.7168579101562
  ],
  "skew": 0.0,
  "pixel_aspect_ratio": 1.0,
  "radial_distortion": [
    -0.0803944543004036,
    0.04438035190105438,
    0.0
  ],
  "tangential_distortion": [
    0.037947043776512146,
    -0.009519228711724281
  ],
  "image_size": [
    720,
    1280
  ]
}