{
  "orientation": [
    [
      0.9988078401837414,
      -0.020866566480307158,
      -0.044130338990113635
    ],
    [
      -0.03240627989849599,
      -0.9595261312098915,
      -0.2797548406418096
    ],
    [
      -0.036506621854120624,
      0.2808514273467501,
      -0.9590584319196958
    ]
  ],
  "position": [
    1.1149070867364497,
    -7.676714057350866,
    8.557949621036864
  ],
  "focal_length": 885.2943725585938,
  "principal_point": [
    294.85223388671875,
    832.7168579101562
  ],
  "skew": 0.0,
  "pixel_aspect_ratio": 1.0,
  "radial_distortion": [
    -0.0803944543004036,
    0.04438035190105438,
    0.0
  ],
  "tangential_distortion": [
    0.037947043776512146,
    -0.009519228711724281
  ],
  "image_size": [
    720,
    1280
  ]
}