{
  "orientation": [
    [
      0.9998030521711836,
      -0.01594972703635137,
      -0.011809462334712594
    ],
    [
      -0.01979083918673201,
      -0.8455676077202261,
      -0.5335042450248384
    ],
    [
      -0.0014764408061368204,
      0.5336328915862512,
      -0.845716733537951
    ]
  ],
  "position": [
    0.992377859543533,
    -7.193015435615019,
    8.799797947884908
  ],
  "focal_length": 885.2943725585938,
  "principal_point": [
    294.85223388671875,
    832.7168579101562
  ],
  "skew": 0.0,
  "pixel_aspect_ratio": 1.0,
  "radial_distortion": [
    -0.0803944543004036,
    0.04438035190105438,
    0.0
  ],
  "tangential_distortion": [
    0.037947043776512146,
    -0.009519228711724281
  ],
  "image_size": [
    720,
    1280
  ]
}