{
  "orientation": [
    [
      0.9982409029637391,
      -0.05613182684111208,
      -0.019087182419934613
    ],
    [
      -0.0576875999753655,
      -0.9938836710573076,
      -0.09418406978915414
    ],
    [
      -0.013683688330806928,
      0.09511948385291763,
      -0.995373443829342
    ]
  ],
  "position": [
    -0.26057988291307804,
    0.3016579249799677,
    8.294900592216957
  ],
  "focal_length": 885.2943725585938,
  "principal_point": [
    294.85223388671875,
    832.7168579101562
  ],
  "skew": 0.0,
  "pixel_aspect_ratio": 1.0,
  "radial_distortion": [
    -0.0803944543004036,
    0.04438035190105438,
    0.0
  ],
  "tangential_distortion": [
    0.037947043776512146,
    -0.009519228711724281
  ],
  "image_size": [
    720,
    1280
  ]
}