{
  "orientation": [
    [
      0.9966139865037378,
      -0.06472079607358724,
      0.05071277906191178
    ],
    [
      -0.0685484510348772,
      -0.9946130031416429,
      0.07777739664084385
    ],
    [
      0.045405696397040174,
      -0.08099032116931776,
      -0.9956817422918569
    ]
  ],
  "position": [
    -2.732165417125875,
    -0.19478748241819632,
    8.518156911401947
  ],
  "focal_length": 885.2943725585938,
  "principal_point": [
    294.85223388671875,
    832.7168579101562
  ],
  "skew": 0.0,
  "pixel_aspect_ratio": 1.0,
  "radial_distortion": [
    -0.0803944543004036,
    0.04438035190105438,
    0.0
  ],
  "tangential_distortion": [
    0.037947043776512146,
    -0.009519228711724281
  ],
  "image_size": [
    720,
    1280
  ]
}