{
  "orientation": [
    [
      0.9747454955305601,
      -0.050909679648417944,
      0.2174384165337623
    ],
    [
      -0.0784216375798564,
      -0.9896935947459831,
      0.11983282836508932
    ],
    [
      0.20909640653513897,
      -0.13385837483242788,
      -0.9686918319083189
    ]
  ],
  "position": [
    -4.944967855755279,
    -1.7573164126676428,
    8.724821727781155
  ],
  "focal_length": 885.2943725585938,
  "principal_point": [
    294.85223388671875,
    832.7168579101562
  ],
  "skew": 0.0,
  "pixel_aspect_ratio": 1.0,
  "radial_distortion": [
    -0.0803944543004036,
    0.04438035190105438,
    0.0
  ],
  "tangential_distortion": [
    0.037947043776512146,
    -0.009519228711724281
  ],
  "image_size": [
    720,
    1280
  ]
}