{
  "orientation": [
    [
      0.9852269595699836,
      -0.043027080726142974,
      -0.1657604712779398
    ],
    [
      -0.033992137640340286,
      -0.9977991238605326,
      0.056963803301716485
    ],
    [
      -0.16784635263460118,
      -0.05048772753989291,
      -0.9845212036064408
    ]
  ],
  "position": [
    4.031049182431097,
    -2.062942136975491,
    8.638934454497978
  ],
  "focal_length": 885.2943725585938,
  "principal_point": [
    294.85223388671875,
    832.7168579101562
  ],
  "skew": 0.0,
  "pixel_aspect_ratio": 1.0,
  "radial_distortion": [
    -0.0803944543004036,
    0.04438035190105438,
    0.0
  ],
  "tangential_distortion": [
    0.037947043776512146,
    -0.009519228711724281
  ],
  "image_size": [
    720,
    1280
  ]
}