{
  "orientation": [
    [
      0.9984211222933593,
      -0.01551920051912133,
      0.05398536408146367
    ],
    [
      -0.007975265252973006,
      -0.9905067595359129,
      -0.13724424761698104
    ],
    [
      0.055602700149413646,
      0.13659700866070892,
      -0.9890666426844001
    ]
  ],
  "position": [
    -0.6352403717646748,
    -7.104795566906252,
    8.330077651856177
  ],
  "focal_length": 885.2943725585938,
  "principal_point": [
    294.85223388671875,
    832.7168579101562
  ],
  "skew": 0.0,
  "pixel_aspect_ratio": 1.0,
  "radial_distortion": [
    -0.0803944543004036,
    0.04438035190105438,
    0.0
  ],
  "tangential_distortion": [
    0.037947043776512146,
    -0.009519228711724281
  ],
  "image_size": [
    720,
    1280
  ]
}