{
  "orientation": [
    [
      0.9943983714423513,
      -0.022041858991094797,
      -0.10337332682637322
    ],
    [
      -0.019470725380314368,
      -0.9994787517859931,
      0.025815918375207945
    ],
    [
      -0.10388830107427814,
      -0.023658555336446705,
      -0.9943092230630965
    ]
  ],
  "position": [
    1.8436007063345496,
    -1.021414541994808,
    8.773614663438696
  ],
  "focal_length": 885.2943725585938,
  "principal_point": [
    294.85223388671875,
    832.7168579101562
  ],
  "skew": 0.0,
  "pixel_aspect_ratio": 1.0,
  "radial_distortion": [
    -0.0803944543004036,
    0.04438035190105438,
    0.0
  ],
  "tangential_distortion": [
    0.037947043776512146,
    -0.009519228711724281
  ],
  "image_size": [
    720,
    1280
  ]
}