{
  "orientation": [
    [
      0.9983062527030868,
      -0.050906581558820545,
      -0.0281628947081366
    ],
    [
      -0.04847939510070675,
      -0.995534142584289,
      0.08102407709688876
    ],
    [
      -0.03216173090827056,
      -0.07952152395878838,
      -0.9963158803747185
    ]
  ],
  "position": [
    1.4417544778195408,
    -1.9307412904600638,
    9.119135129466628
  ],
  "focal_length": 885.2943725585938,
  "principal_point": [
    294.85223388671875,
    832.7168579101562
  ],
  "skew": 0.0,
  "pixel_aspect_ratio": 1.0,
  "radial_distortion": [
    -0.0803944543004036,
    0.04438035190105438,
    0.0
  ],
  "tangential_distortion": [
    0.037947043776512146,
    -0.009519228711724281
  ],
  "image_size": [
    720,
    1280
  ]
}