{
  "orientation": [
    [
      0.9669770958732486,
      -0.0539666941421123,
      0.24908422096017985
    ],
    [
      -0.08690565045164991,
      -0.9885716050690136,
      0.12319509370434943
    ],
    [
      0.23958873330677222,
      -0.14077364496460087,
      -0.9606161631559385
    ]
  ],
  "position": [
    -5.464890101001157,
    -1.6973599757627245,
    8.561705693670456
  ],
  "focal_length": 885.2943725585938,
  "principal_point": [
    294.85223388671875,
    832.7168579101562
  ],
  "skew": 0.0,
  "pixel_aspect_ratio": 1.0,
  "radial_distortion": [
    -0.0803944543004036,
    0.04438035190105438,
    0.0
  ],
  "tangential_distortion": [
    0.037947043776512146,
    -0.009519228711724281
  ],
  "image_size": [
    720,
    1280
  ]
}