{
  "orientation": [
    [
      0.9927218046489759,
      -0.07140308379819887,
      0.09697953801564181
    ],
    [
      -0.0802607200401568,
      -0.9926374141335468,
      0.09073383713262091
    ],
    [
      0.0897866804612772,
      -0.09785709992780693,
      -0.9911436756295282
    ]
  ],
  "position": [
    -0.8449814593743663,
    -2.0067681456444983,
    9.264917223901152
  ],
  "focal_length": 885.2943725585938,
  "principal_point": [
    294.85223388671875,
    832.7168579101562
  ],
  "skew": 0.0,
  "pixel_aspect_ratio": 1.0,
  "radial_distortion": [
    -0.0803944543004036,
    0.04438035190105438,
    0.0
  ],
  "tangential_distortion": [
    0.037947043776512146,
    -0.009519228711724281
  ],
  "image_size": [
    720,
    1280
  ]
}