{
  "orientation": [
    [
      0.991964317402493,
      -0.05165250486721617,
      -0.11549383004602251
    ],
    [
      -0.044641059713168306,
      -0.997048130628116,
      0.06249352865559862
    ],
    [
      -0.11838066491383914,
      -0.056835588121220255,
      -0.9913420020178132
    ]
  ],
  "position": [
    3.0233218532493646,
    -2.1232269527828613,
    8.925407244381626
  ],
  "focal_length": 885.2943725585938,
  "principal_point": [
    294.85223388671875,
    832.7168579101562
  ],
  "skew": 0.0,
  "pixel_aspect_ratio": 1.0,
  "radial_distortion": [
    -0.0803944543004036,
    0.04438035190105438,
    0.0
  ],
  "tangential_distortion": [
    0.037947043776512146,
    -0.009519228711724281
  ],
  "image_size": [
    720,
    1280
  ]
}