{
  "orientation": [
    [
      0.9980351269083506,
      -0.05760403631470262,
      0.02465083818967043
    ],
    [
      -0.05762416453737981,
      -0.9983400562168174,
      0.00010637436282131293
    ],
    [
      0.02460374940060703,
      -0.0015266480899371467,
      -0.99969782969069
    ]
  ],
  "position": [
    -1.8949634580460062,
    -0.8808779490359309,
    8.881858173374034
  ],
  "focal_length": 885.2943725585938,
  "principal_point": [
    294.85223388671875,
    832.7168579101562
  ],
  "skew": 0.0,
  "pixel_aspect_ratio": 1.0,
  "radial_distortion": [
    -0.0803944543004036,
    0.04438035190105438,
    0.0
  ],
  "tangential_distortion": [
    0.037947043776512146,
    -0.009519228711724281
  ],
  "image_size": [
    720,
    1280
  ]
}