{
  "orientation": [
    [
      0.9951151685697169,
      -9.341585096788157e-05,
      0.09872082104884813
    ],
    [
      -0.014611142757474046,
      -0.9891272150861186,
      0.14634584116875893
    ],
    [
      0.09763361993903855,
      -0.14707338982137352,
      -0.984296868197917
    ]
  ],
  "position": [
    -3.5333128425741362,
    -1.5148276879113094,
    8.049489279103861
  ],
  "focal_length": 885.2943725585938,
  "principal_point": [
    294.85223388671875,
    832.7168579101562
  ],
  "skew": 0.0,
  "pixel_aspect_ratio": 1.0,
  "radial_distortion": [
    -0.0803944543004036,
    0.04438035190105438,
    0.0
  ],
  "tangential_distortion": [
    0.037947043776512146,
    -0.009519228711724281
  ],
  "image_size": [
    720,
    1280
  ]
}