{
  "orientation": [
    [
      0.9944421990963682,
      -0.01198180729983954,
      -0.10459999271726175
    ],
    [
      -0.04908196773176193,
      -0.9316998233190845,
      -0.3599023626818365
    ],
    [
      -0.0931433445083436,
      0.3630360677869616,
      -0.9271097205752974
    ]
  ],
  "position": [
    2.3432995619669645,
    -7.598718444412222,
    8.838714265517403
  ],
  "focal_length": 885.2943725585938,
  "principal_point": [
    294.85223388671875,
    832.7168579101562
  ],
  "skew": 0.0,
  "pixel_aspect_ratio": 1.0,
  "radial_distortion": [
    -0.0803944543004036,
    0.04438035190105438,
    0.0
  ],
  "tangential_distortion": [
    0.037947043776512146,
    -0.009519228711724281
  ],
  "image_size": [
    720,
    1280
  ]
}