{
  "orientation": [
    [
      0.9985822176782854,
      -0.052685816660938335,
      0.007600111503378251
    ],
    [
      -0.05255473474503588,
      -0.9984830514895731,
      -0.01652357742703339
    ],
    [
      0.008459126903688618,
      0.016100729110144086,
      -0.9998363090454989
    ]
  ],
  "position": [
    -1.3611903596881332,
    -1.0765334830080042,
    8.987498627456585
  ],
  "focal_length": 885.2943725585938,
  "principal_point": [
    294.85223388671875,
    832.7168579101562
  ],
  "skew": 0.0,
  "pixel_aspect_ratio": 1.0,
  "radial_distortion": [
    -0.0803944543004036,
    0.04438035190105438,
    0.0
  ],
  "tangential_distortion": [
    0.037947043776512146,
    -0.009519228711724281
  ],
  "image_size": [
    720,
    1280
  ]
}