{
  "orientation": [
    [
      0.9976174834548832,
      -0.04287101930917205,
      0.054050314945550744
    ],
    [
      -0.04763151920144842,
      -0.9947942313058764,
      0.09010626862048213
    ],
    [
      0.04990590366762914,
      -0.09246608550996971,
      -0.9944661317236694
    ]
  ],
  "position": [
    -1.6923211329639922,
    -2.528959166981025,
    9.790060577490872
  ],
  "focal_length": 885.2943725585938,
  "principal_point": [
    294.85223388671875,
    832.7168579101562
  ],
  "skew": 0.0,
  "pixel_aspect_ratio": 1.0,
  "radial_distortion": [
    -0.0803944543004036,
    0.04438035190105438,
    0.0
  ],
  "tangential_distortion": [
    0.037947043776512146,
    -0.009519228711724281
  ],
  "image_size": [
    720,
    1280
  ]
}