{
  "orientation": [
    [
      0.9992815845554186,
      -0.03447900395633655,
      -0.015732587588558958
    ],
    [
      -0.034762237528441826,
      -0.9992334556922096,
      -0.018099383361570555
    ],
    [
      -0.015096452168272562,
      0.018633279964403344,
      -0.9997141584782392
    ]
  ],
  "position": [
    -0.6312651423847635,
    -1.0268188023279003,
    9.106004528460906
  ],
  "focal_length": 885.2943725585938,
  "principal_point": [
    294.85223388671875,
    832.7168579101562
  ],
  "skew": 0.0,
  "pixel_aspect_ratio": 1.0,
  "radial_distortion": [
    -0.0803944543004036,
    0.04438035190105438,
    0.0
  ],
  "tangential_distortion": [
    0.037947043776512146,
    -0.009519228711724281
  ],
  "image_size": [
    720,
    1280
  ]
}