{
  "orientation": [
    [
      0.9862466322077863,
      -0.07445035157207575,
      0.14756269399883187
    ],
    [
      -0.0871217791665641,
      -0.9928723797905952,
      0.08134846704977573
    ],
    [
      0.140454259829494,
      -0.0930855662672271,
      -0.9857033054021123
    ]
  ],
  "position": [
    -2.118621975649541,
    -2.0852908318742505,
    9.467017186741009
  ],
  "focal_length": 885.2943725585938,
  "principal_point": [
    294.85223388671875,
    832.7168579101562
  ],
  "skew": 0.0,
  "pixel_aspect_ratio": 1.0,
  "radial_distortion": [
    -0.0803944543004036,
    0.04438035190105438,
    0.0
  ],
  "tangential_distortion": [
    0.037947043776512146,
    -0.009519228711724281
  ],
  "image_size": [
    720,
    1280
  ]
}