{
  "orientation": [
    [
      0.997698106738353,
      -0.06380988922855022,
      -0.022951901176999516
    ],
    [
      -0.06401981668371587,
      -0.9979138744739064,
      -0.008530228473400498
    ],
    [
      -0.02235966911163969,
      0.009979968069345225,
      -0.999701881099164
    ]
  ],
  "position": [
    -0.7660825581983289,
    1.097962681776243,
    8.019294352659987
  ],
  "focal_length": 885.2943725585938,
  "principal_point": [
    294.85223388671875,
    832.7168579101562
  ],
  "skew": 0.0,
  "pixel_aspect_ratio": 1.0,
  "radial_distortion": [
    -0.0803944543004036,
    0.04438035190105438,
    0.0
  ],
  "tangential_distortion": [
    0.037947043776512146,
    -0.009519228711724281
  ],
  "image_size": [
    720,
    1280
  ]
}