{
  "orientation": [
    [
      0.949304463595419,
      -0.04984153007971008,
      0.31038193369924183
    ],
    [
      -0.09138861044746042,
      -0.9884648737034412,
      0.12078388553086572
    ],
    [
      0.30078105786111187,
      -0.14302603610099912,
      -0.9429091479451601
    ]
  ],
  "position": [
    -5.8953338104839315,
    -1.6972418048806357,
    8.42301422735546
  ],
  "focal_length": 885.2943725585938,
  "principal_point": [
    294.85223388671875,
    832.7168579101562
  ],
  "skew": 0.0,
  "pixel_aspect_ratio": 1.0,
  "radial_distortion": [
    -0.0803944543004036,
    0.04438035190105438,
    0.0
  ],
  "tangential_distortion": [
    0.037947043776512146,
    -0.009519228711724281
  ],
  "image_size": [
    720,
    1280
  ]
}