{
  "orientation": [
    [
      0.9620942021862425,
      -0.05948164938347699,
      0.2661517278323598
    ],
    [
      -0.09495481682894805,
      -0.987922552569299,
      0.12245775703818328
    ],
    [
      0.25565287325299185,
      -0.14308826955576376,
      -0.9561226868280821
    ]
  ],
  "position": [
    -5.768862619105578,
    -1.7132759067398824,
    8.42028054305134
  ],
  "focal_length": 885.2943725585938,
  "principal_point": [
    294.85223388671875,
    832.7168579101562
  ],
  "skew": 0.0,
  "pixel_aspect_ratio": 1.0,
  "radial_distortion": [
    -0.0803944543004036,
    0.04438035190105438,
    0.0
  ],
  "tangential_distortion": [
    0.037947043776512146,
    -0.009519228711724281
  ],
  "image_size": [
    720,
    1280
  ]
}