{
  "orientation": [
    [
      0.9750057718014414,
      -0.04498461722463944,
      -0.21757796663509751
    ],
    [
      -0.032787953771953815,
      -0.9977004747715001,
      0.05934729525055987
    ],
    [
      -0.21974698505180715,
      -0.050730026407065656,
      -0.974238716079523
    ]
  ],
  "position": [
    4.66053001047381,
    -2.0760559609698315,
    8.378200139056654
  ],
  "focal_length": 885.2943725585938,
  "principal_point": [
    294.85223388671875,
    832.7168579101562
  ],
  "skew": 0.0,
  "pixel_aspect_ratio": 1.0,
  "radial_distortion": [
    -0.0803944543004036,
    0.04438035190105438,
    0.0
  ],
  "tangential_distortion": [
    0.037947043776512146,
    -0.009519228711724281
  ],
  "image_size": [
    720,
    1280
  ]
}