{
  "orientation": [
    [
      0.9995423006674933,
      -0.029768107128846057,
      -0.00538978097144574
    ],
    [
      -0.029334925190795152,
      -0.997270692638625,
      0.0677787898579616
    ],
    [
      -0.007392706203080581,
      -0.0675896588874719,
      -0.997687487738139
    ]
  ],
  "position": [
    -1.775074552714155,
    1.2517002358637361,
    7.447298990173902
  ],
  "focal_length": 885.2943725585938,
  "principal_point": [
    294.85223388671875,
    832.7168579101562
  ],
  "skew": 0.0,
  "pixel_aspect_ratio": 1.0,
  "radial_distortion": [
    -0.0803944543004036,
    0.04438035190105438,
    0.0
  ],
  "tangential_distortion": [
    0.037947043776512146,
    -0.009519228711724281
  ],
  "image_size": [
    720,
    1280
  ]
}