{
  "orientation": [
    [
      0.9997437405888494,
      -0.003248939861395143,
      -0.02240307966477695
    ],
    [
      -0.013969986657037716,
      -0.8672720140255346,
      -0.49764170328434165
    ],
    [
      -0.017812721900133426,
      0.49782714848099197,
      -0.8670951554242661
    ]
  ],
  "position": [
    0.899576494359163,
    -5.060536783457332,
    8.743315815509664
  ],
  "focal_length": 885.2943725585938,
  "principal_point": [
    294.85223388671875,
    832.7168579101562
  ],
  "skew": 0.0,
  "pixel_aspect_ratio": 1.0,
  "radial_distortion": [
    -0.0803944543004036,
    0.04438035190105438,
    0.0
  ],
  "tangential_distortion": [
    0.037947043776512146,
    -0.009519228711724281
  ],
  "image_size": [
    720,
    1280
  ]
}