{
  "orientation": [
    [
      0.9979570649063844,
      -0.06177444970856896,
      -0.01629777400654664
    ],
    [
      -0.06255350815781331,
      -0.9966535559096443,
      -0.05265111972480535
    ],
    [
      -0.012990715589041553,
      0.05356303906920225,
      -0.9984816661103819
    ]
  ],
  "position": [
    -0.5842126558637512,
    0.7287016139943945,
    8.162090311487542
  ],
  "focal_length": 885.2943725585938,
  "principal_point": [
    294.85223388671875,
    832.7168579101562
  ],
  "skew": 0.0,
  "pixel_aspect_ratio": 1.0,
  "radial_distortion": [
    -0.0803944543004036,
    0.04438035190105438,
    0.0
  ],
  "tangential_distortion": [
    0.037947043776512146,
    -0.009519228711724281
  ],
  "image_size": [
    720,
    1280
  ]
}