{
  "orientation": [
    [
      0.9955992780536183,
      -0.009401019116695488,
      0.09324004329635811
    ],
    [
      -0.006714484197134369,
      -0.9995560449832808,
      -0.02908510565252267
    ],
    [
      0.09347192378626666,
      0.02833105201752133,
      -0.9952204069950596
    ]
  ],
  "position": [
    -1.4991672389742319,
    -6.316555580999154,
    8.113359138964565
  ],
  "focal_length": 885.2943725585938,
  "principal_point": [
    294.85223388671875,
    832.7168579101562
  ],
  "skew": 0.0,
  "pixel_aspect_ratio": 1.0,
  "radial_distortion": [
    -0.0803944543004036,
    0.04438035190105438,
    0.0
  ],
  "tangential_distortion": [
    0.037947043776512146,
    -0.009519228711724281
  ],
  "image_size": [
    720,
    1280
  ]
}