{
  "orientation": [
    [
      0.9717418865311941,
      -0.0519918073697458,
      0.23024900779724752
    ],
    [
      -0.08175481172753828,
      -0.9891996268521746,
      0.12167006319901766
    ],
    [
      0.22143600516759795,
      -0.1370558480543075,
      -0.9654973357982988
    ]
  ],
  "position": [
    -5.173602346598499,
    -1.7235347211845835,
    8.643321103130091
  ],
  "focal_length": 885.2943725585938,
  "principal_point": [
    294.85223388671875,
    832.7168579101562
  ],
  "skew": 0.0,
  "pixel_aspect_ratio": 1.0,
  "radial_distortion": [
    -0.0803944543004036,
    0.04438035190105438,
    0.0
  ],
  "tangential_distortion": [
    0.037947043776512146,
    -0.009519228711724281
  ],
  "image_size": [
    720,
    1280
  ]
}