{
  "orientation": [
    [
      0.9984153418106436,
      -0.040038312986806976,
      0.039544169734709256
    ],
    [
      -0.04345413511922022,
      -0.9950240296580735,
      0.08967847700238765
    ],
    [
      0.03575676170848757,
      -0.09125472365635492,
      -0.9951870881228988
    ]
  ],
  "position": [
    -1.414567096652253,
    -2.525428663845303,
    9.807398959029467
  ],
  "focal_length": 885.2943725585938,
  "principal_point": [
    294.85223388671875,
    832.7168579101562
  ],
  "skew": 0.0,
  "pixel_aspect_ratio": 1.0,
  "radial_distortion": [
    -0.0803944543004036,
    0.04438035190105438,
    0.0
  ],
  "tangential_distortion": [
    0.037947043776512146,
    -0.009519228711724281
  ],
  "image_size": [
    720,
    1280
  ]
}