{
  "orientation": [
    [
      0.974954969510484,
      -0.07332978829577542,
      0.20996569380364616
    ],
    [
      -0.09455025336224705,
      -0.9911806110214072,
      0.09286907197095738
    ],
    [
      0.20130350224247123,
      -0.11039545773313651,
      -0.9732898493177773
    ]
  ],
  "position": [
    -3.319747983646834,
    -1.8857624856369177,
    9.261646758944854
  ],
  "focal_length": 885.2943725585938,
  "principal_point": [
    294.85223388671875,
    832.7168579101562
  ],
  "skew": 0.0,
  "pixel_aspect_ratio": 1.0,
  "radial_distortion": [
    -0.0803944543004036,
    0.04438035190105438,
    0.0
  ],
  "tangential_distortion": [
    0.037947043776512146,
    -0.009519228711724281
  ],
  "image_size": [
    720,
    1280
  ]
}