{
  "orientation": [
    [
      0.9999592983901263,
      0.007352550440728963,
      0.005228922716771591
    ],
    [
      0.006812302685966163,
      -0.9952876736079079,
      0.09674375913660099
    ],
    [
      0.00591558643552876,
      -0.09670420053845866,
      -0.9952972516222802
    ]
  ],
  "position": [
    -2.0711768915569095,
    0.8643052334009987,
    7.081472038340557
  ],
  "focal_length": 885.2943725585938,
  "principal_point": [
    294.85223388671875,
    832.7168579101562
  ],
  "skew": 0.0,
  "pixel_aspect_ratio": 1.0,
  "radial_distortion": [
    -0.0803944543004036,
    0.04438035190105438,
    0.0
  ],
  "tangential_distortion": [
    0.037947043776512146,
    -0.009519228711724281
  ],
  "image_size": [
    720,
    1280
  ]
}