{
  "orientation": [
    [
      0.9995994951462684,
      0.01899483641690913,
      0.02097727786337805
    ],
    [
      0.016536290504281976,
      -0.993603561058054,
      0.11172272724803246
    ],
    [
      0.022965214856832974,
      -0.11133109573194332,
      -0.9935197225617161
    ]
  ],
  "position": [
    -1.9935775429363165,
    0.6275368958450072,
    7.019243828426129
  ],
  "focal_length": 885.2943725585938,
  "principal_point": [
    294.85223388671875,
    832.7168579101562
  ],
  "skew": 0.0,
  "pixel_aspect_ratio": 1.0,
  "radial_distortion": [
    -0.0803944543004036,
    0.04438035190105438,
    0.0
  ],
  "tangential_distortion": [
    0.037947043776512146,
    -0.009519228711724281
  ],
  "image_size": [
    720,
    1280
  ]
}