{
  "orientation": [
    [
      0.9697378818942181,
      -0.035629749251210374,
      -0.2415345966680784
    ],
    [
      0.005818714066532116,
      -0.9856404436859467,
      0.1687573949111033
    ],
    [
      -0.2440790506904011,
      -0.16505585945026616,
      -0.9556055568461324
    ]
  ],
  "position": [
    2.4781100551692283,
    -0.3400670770101777,
    8.63830969669983
  ],
  "focal_length": 885.2943725585938,
  "principal_point": [
    294.85223388671875,
    832.7168579101562
  ],
  "skew": 0.0,
  "pixel_aspect_ratio": 1.0,
  "radial_distortion": [
    -0.0803944543004036,
    0.04438035190105438,
    0.0
  ],
  "tangential_distortion": [
    0.037947043776512146,
    -0.009519228711724281
  ],
  "image_size": [
    720,
    1280
  ]
}