{
  "orientation": [
    [
      0.9936712172676957,
      -0.037452051684553275,
      -0.10590021623374303
    ],
    [
      -0.004611207174626011,
      -0.9555850903827201,
      0.29467926938731426
    ],
    [
      -0.11223301092873102,
      -0.29232598047875624,
      -0.9497100991328907
    ]
  ],
  "position": [
    0.8645870161439129,
    1.2480557645475723,
    8.63830969669983
  ],
  "focal_length": 885.2943725585938,
  "principal_point": [
    294.85223388671875,
    832.7168579101562
  ],
  "skew": 0.0,
  "pixel_aspect_ratio": 1.0,
  "radial_distortion": [
    -0.0803944543004036,
    0.04438035190105438,
    0.0
  ],
  "tangential_distortion": [
    0.037947043776512146,
    -0.009519228711724281
  ],
  "image_size": [
    720,
    1280
  ]
}