{
  "orientation": [
    [
      0.9913296645173806,
      -0.038903188314724585,
      0.12550712404802647
    ],
    [
      -0.07689571642923984,
      -0.9462875918025885,
      0.31404910825425303
    ],
    [
      0.10654832257098916,
      -0.32097715734831767,
      -0.9410744494554625
    ]
  ],
  "position": [
    -1.8558800285917605,
    1.6391998751092136,
    8.63830969669983
  ],
  "focal_length": 885.2943725585938,
  "principal_point": [
    294.85223388671875,
    832.7168579101562
  ],
  "skew": 0.0,
  "pixel_aspect_ratio": 1.0,
  "radial_distortion": [
    -0.0803944543004036,
    0.04438035190105438,
    0.0
  ],
  "tangential_distortion": [
    0.037947043776512146,
    -0.009519228711724281
  ],
  "image_size": [
    720,
    1280
  ]
}