{
  "orientation": [
    [
      0.9952195118068387,
      -0.037616539154367426,
      -0.09012834904182783
    ],
    [
      -0.0626235149308065,
      -0.9539493653635559,
      -0.2933579787566377
    ],
    [
      -0.07494276947557156,
      0.2975997384147318,
      -0.9517447015869406
    ]
  ],
  "position": [
    0.4009760145115282,
    -6.046945950897747,
    8.63830969669983
  ],
  "focal_length": 885.2943725585938,
  "principal_point": [
    294.85223388671875,
    832.7168579101562
  ],
  "skew": 0.0,
  "pixel_aspect_ratio": 1.0,
  "radial_distortion": [
    -0.0803944543004036,
    0.04438035190105438,
    0.0
  ],
  "tangential_distortion": [
    0.037947043776512146,
    -0.009519228711724281
  ],
  "image_size": [
    720,
    1280
  ]
}