{
  "orientation": [
    [
      0.9667684396371201,
      -0.038807008929769696,
      0.2526911161468338
    ],
    [
      -0.10225481463510849,
      -0.9646022620166198,
      0.24307700219551787
    ],
    [
      0.23431333083191722,
      -0.2608380573657628,
      -0.9365152272249008
    ]
  ],
  "position": [
    -3.466288015490135,
    0.9037511901110564,
    8.63830969669983
  ],
  "focal_length": 885.2943725585938,
  "principal_point": [
    294.85223388671875,
    832.7168579101562
  ],
  "skew": 0.0,
  "pixel_aspect_ratio": 1.0,
  "radial_distortion": [
    -0.0803944543004036,
    0.04438035190105438,
    0.0
  ],
  "tangential_distortion": [
    0.037947043776512146,
    -0.009519228711724281
  ],
  "image_size": [
    720,
    1280
  ]
}