{
  "orientation": [
    [
      0.9988593214989976,
      -0.03816541704879725,
      -0.028695936925869976
    ],
    [
      -0.04523036147264091,
      -0.9488729701390985,
      -0.31240086578058585
    ],
    [
      -0.015305889572853084,
      0.31334244442924863,
      -0.9495168467507498
    ]
  ],
  "position": [
    -0.33526596820417875,
    -6.250495056101953,
    8.63830969669983
  ],
  "focal_length": 885.2943725585938,
  "principal_point": [
    294.85223388671875,
    832.7168579101562
  ],
  "skew": 0.0,
  "pixel_aspect_ratio": 1.0,
  "radial_distortion": [
    -0.0803944543004036,
    0.04438035190105438,
    0.0
  ],
  "tangential_distortion": [
    0.037947043776512146,
    -0.009519228711724281
  ],
  "image_size": [
    720,
    1280
  ]
}