{
  "orientation": [
    [
      0.9360194918764096,
      -0.038273340054097146,
      0.34986091846408257
    ],
    [
      -0.013287170158551659,
      -0.9972036465267494,
      -0.07354140645195405
    ],
    [
      0.35169725892677306,
      0.0641875283435751,
      -0.9339105949011056
    ]
  ],
  "position": [
    -4.952208066011561,
    -3.1787805958114372,
    8.63830969669983
  ],
  "focal_length": 885.2943725585938,
  "principal_point": [
    294.85223388671875,
    832.7168579101562
  ],
  "skew": 0.0,
  "pixel_aspect_ratio": 1.0,
  "radial_distortion": [
    -0.0803944543004036,
    0.04438035190105438,
    0.0
  ],
  "tangential_distortion": [
    0.037947043776512146,
    -0.009519228711724281
  ],
  "image_size": [
    720,
    1280
  ]
}