{
  "orientation": [
    [
      0.9919322504905421,
      -0.038894016194941546,
      0.1206551529815286
    ],
    [
      5.4667881100436966e-05,
      -0.951639500148933,
      -0.30721695716172936
    ],
    [
      0.12676911078094386,
      0.304745003667848,
      -0.9439597847849727
    ]
  ],
  "position": [
    -2.103655766592167,
    -6.16625626759648,
    8.63830969669983
  ],
  "focal_length": 885.2943725585938,
  "principal_point": [
    294.85223388671875,
    832.7168579101562
  ],
  "skew": 0.0,
  "pixel_aspect_ratio": 1.0,
  "radial_distortion": [
    -0.0803944543004036,
    0.04438035190105438,
    0.0
  ],
  "tangential_distortion": [
    0.037947043776512146,
    -0.009519228711724281
  ],
  "image_size": [
    720,
    1280
  ]
}