{
  "orientation": [
    [
      0.9481138921915293,
      -0.03850954248087551,
      0.31559002292744115
    ],
    [
      -0.09505641727173386,
      -0.9815675642855294,
      0.1657992589791497
    ],
    [
      0.30338807651074745,
      -0.1871954376593799,
      -0.934298422962718
    ]
  ],
  "position": [
    -4.342470707573911,
    -0.015162770911507195,
    8.63830969669983
  ],
  "focal_length": 885.2943725585938,
  "principal_point": [
    294.85223388671875,
    832.7168579101562
  ],
  "skew": 0.0,
  "pixel_aspect_ratio": 1.0,
  "radial_distortion": [
    -0.0803944543004036,
    0.04438035190105438,
    0.0
  ],
  "tangential_distortion": [
    0.037947043776512146,
    -0.009519228711724281
  ],
  "image_size": [
    720,
    1280
  ]
}