{
  "orientation": [
    [
      0.9831995126241926,
      -0.03656423038944361,
      -0.17883449172790394
    ],
    [
      -0.07909488502315674,
      -0.9683166870764621,
      -0.23686872459748293
    ],
    [
      -0.16450749994673092,
      0.24703410814155258,
      -0.9549405383980637
    ]
  ],
  "position": [
    1.5005551309247227,
    -5.4121036520412975,
    8.63830969669983
  ],
  "focal_length": 885.2943725585938,
  "principal_point": [
    294.85223388671875,
    832.7168579101562
  ],
  "skew": 0.0,
  "pixel_aspect_ratio": 1.0,
  "radial_distortion": [
    -0.0803944543004036,
    0.04438035190105438,
    0.0
  ],
  "tangential_distortion": [
    0.037947043776512146,
    -0.009519228711724281
  ],
  "image_size": [
    720,
    1280
  ]
}