{
  "orientation": [
    [
      0.9961481611981227,
      -0.03877615175964684,
      0.07864636670763561
    ],
    [
      -0.011997149836877889,
      -0.9487448033086234,
      -0.3158153995464328
    ],
    [
      0.08686143757381959,
      0.31365539729071185,
      -0.9455555945649178
    ]
  ],
  "position": [
    -1.6047907477633134,
    -6.270639826010878,
    8.63830969669983
  ],
  "focal_length": 885.2943725585938,
  "principal_point": [
    294.85223388671875,
    832.7168579101562
  ],
  "skew": 0.0,
  "pixel_aspect_ratio": 1.0,
  "radial_distortion": [
    -0.0803944543004036,
    0.04438035190105438,
    0.0
  ],
  "tangential_distortion": [
    0.037947043776512146,
    -0.009519228711724281
  ],
  "image_size": [
    720,
    1280
  ]
}