{
  "orientation": [
    [
      0.961314144827929,
      -0.035095336592135824,
      -0.2732095025858951
    ],
    [
      -0.009431468019941637,
      -0.9954623816114,
      0.09468734977571253
    ],
    [
      -0.27529286653441704,
      -0.08844752198927905,
      -0.9572830686318543
    ]
  ],
  "position": [
    2.85619678667124,
    -1.2844820752959263,
    8.63830969669983
  ],
  "focal_length": 885.2943725585938,
  "principal_point": [
    294.85223388671875,
    832.7168579101562
  ],
  "skew": 0.0,
  "pixel_aspect_ratio": 1.0,
  "radial_distortion": [
    -0.0803944543004036,
    0.04438035190105438,
    0.0
  ],
  "tangential_distortion": [
    0.037947043776512146,
    -0.009519228711724281
  ],
  "image_size": [
    720,
    1280
  ]
}