{
  "orientation": [
    [
      0.9355371864607328,
      -0.038263401733614595,
      0.3511496615930422
    ],
    [
      -0.06940853159374466,
      -0.9946480142923153,
      0.07653615750973114
    ],
    [
      0.34634177988099585,
      -0.09597520383998277,
      -0.9331860113378991
    ]
  ],
  "position": [
    -4.8881746876289,
    -1.1615946894402533,
    8.63830969669983
  ],
  "focal_length": 885.2943725585938,
  "principal_point": [
    294.85223388671875,
    832.7168579101562
  ],
  "skew": 0.0,
  "pixel_aspect_ratio": 1.0,
  "radial_distortion": [
    -0.0803944543004036,
    0.04438035190105438,
    0.0
  ],
  "tangential_distortion": [
    0.037947043776512146,
    -0.009519228711724281
  ],
  "image_size": [
    720,
    1280
  ]
}