{
  "orientation": [
    [
      0.9490401191217583,
      -0.038526473610858064,
      0.3127915649893242
    ],
    [
      0.013412983088541136,
      -0.9866628962381375,
      -0.16222336783471275
    ],
    [
      0.31486972573117483,
      0.15815195230562873,
      -0.9358659176398576
    ]
  ],
  "position": [
    -4.480313970511492,
    -4.357515061372501,
    8.63830969669983
  ],
  "focal_length": 885.2943725585938,
  "principal_point": [
    294.85223388671875,
    832.7168579101562
  ],
  "skew": 0.0,
  "pixel_aspect_ratio": 1.0,
  "radial_distortion": [
    -0.0803944543004036,
    0.04438035190105438,
    0.0
  ],
  "tangential_distortion": [
    0.037947043776512146,
    -0.009519228711724281
  ],
  "image_size": [
    720,
    1280
  ]
}