{
  "orientation": [
    [
      0.9942460493868551,
      -0.03884417855184816,
      0.09982946995383486
    ],
    [
      -0.005767863897116619,
      -0.9499974598936608,
      -0.3122043528550763
    ],
    [
      0.10696506450564042,
      0.30983214163192424,
      -0.9447552693619017
    ]
  ],
  "position": [
    -1.8558800285917596,
    -6.226366011234138,
    8.63830969669983
  ],
  "focal_length": 885.2943725585938,
  "principal_point": [
    294.85223388671875,
    832.7168579101562
  ],
  "skew": 0.0,
  "pixel_aspect_ratio": 1.0,
  "radial_distortion": [
    -0.0803944543004036,
    0.04438035190105438,
    0.0
  ],
  "tangential_distortion": [
    0.037947043776512146,
    -0.009519228711724281
  ],
  "image_size": [
    720,
    1280
  ]
}