{
  "orientation": [
    [
      0.9588190827989601,
      -0.03494191794511294,
      -0.2818599454177162
    ],
    [
      -0.02001673292331077,
      -0.9982491168439069,
      0.05565995978651954
    ],
    [
      -0.2833113073345958,
      -0.04772591634193228,
      -0.9578397256564822
    ]
  ],
  "position": [
    2.952652231737143,
    -1.784940446587191,
    8.63830969669983
  ],
  "focal_length": 885.2943725585938,
  "principal_point": [
    294.85223388671875,
    832.7168579101562
  ],
  "skew": 0.0,
  "pixel_aspect_ratio": 1.0,
  "radial_distortion": [
    -0.0803944543004036,
    0.04438035190105438,
    0.0
  ],
  "tangential_distortion": [
    0.037947043776512146,
    -0.009519228711724281
  ],
  "image_size": [
    720,
    1280
  ]
}