{
  "orientation": [
    [
      0.9678120723114433,
      -0.038820252803393955,
      0.248661980729886
    ],
    [
      0.02231761017359725,
      -0.9709018060259587,
      -0.23843575095121766
    ],
    [
      0.2506825023099318,
      0.2363105393921573,
      -0.9387841136319993
    ]
  ],
  "position": [
    -3.664176442891806,
    -5.3301498919642185,
    8.63830969669983
  ],
  "focal_length": 885.2943725585938,
  "principal_point": [
    294.85223388671875,
    832.7168579101562
  ],
  "skew": 0.0,
  "pixel_aspect_ratio": 1.0,
  "radial_distortion": [
    -0.0803944543004036,
    0.04438035190105438,
    0.0
  ],
  "tangential_distortion": [
    0.037947043776512146,
    -0.009519228711724281
  ],
  "image_size": [
    720,
    1280
  ]
}