{
  "orientation": [
    [
      0.9333629898593685,
      -0.03821816223278512,
      0.35689340318410034
    ],
    [
      -0.027038348848979883,
      -0.9989763944667864,
      -0.03626418328957921
    ],
    [
      0.3579140355620343,
      0.024197838202778477,
      -0.9334409503412687
    ]
  ],
  "position": [
    -5.032736439926081,
    -2.6755138521525206,
    8.63830969669983
  ],
  "focal_length": 885.2943725585938,
  "principal_point": [
    294.85223388671875,
    832.7168579101562
  ],
  "skew": 0.0,
  "pixel_aspect_ratio": 1.0,
  "radial_distortion": [
    -0.0803944543004036,
    0.04438035190105438,
    0.0
  ],
  "tangential_distortion": [
    0.037947043776512146,
    -0.009519228711724281
  ],
  "image_size": [
    720,
    1280
  ]
}