{
  "orientation": [
    [
      0.9957538898388428,
      -0.03879321574066113,
      0.08348219740347086
    ],
    [
      -0.06389061956260358,
      -0.944120542475126,
      0.3233487127056182
    ],
    [
      0.06627352112812637,
      -0.3273094677655572,
      -0.9425902252348618
    ]
  ],
  "position": [
    -1.351398972020326,
    1.711733300775836,
    8.63830969669983
  ],
  "focal_length": 885.2943725585938,
  "principal_point": [
    294.85223388671875,
    832.7168579101562
  ],
  "skew": 0.0,
  "pixel_aspect_ratio": 1.0,
  "radial_distortion": [
    -0.0803944543004036,
    0.04438035190105438,
    0.0
  ],
  "tangential_distortion": [
    0.037947043776512146,
    -0.009519228711724281
  ],
  "image_size": [
    720,
    1280
  ]
}