{
  "orientation": [
    [
      0.9968192612053771,
      -0.03781098381499169,
      -0.0701547574502871
    ],
    [
      -0.057294491012980155,
      -0.9518832826442608,
      -0.3010573990486693
    ],
    [
      -0.05539586437207847,
      0.3041192952203602,
      -0.9510219516315812
    ]
  ],
  "position": [
    0.16003601863152261,
    -6.130336094243194,
    8.63830969669983
  ],
  "focal_length": 885.2943725585938,
  "principal_point": [
    294.85223388671875,
    832.7168579101562
  ],
  "skew": 0.0,
  "pixel_aspect_ratio": 1.0,
  "radial_distortion": [
    -0.0803944543004036,
    0.04438035190105438,
    0.0
  ],
  "tangential_distortion": [
    0.037947043776512146,
    -0.009519228711724281
  ],
  "image_size": [
    720,
    1280
  ]
}