{
  "orientation": [
    [
      0.9515234131267857,
      -0.03857093262643875,
      0.3051482876043699
    ],
    [
      -0.09817577449899265,
      -0.9782961785908244,
      0.1824776815287642
    ],
    [
      0.2914870693068141,
      -0.20358995582031267,
      -0.9346584500853816
    ]
  ],
  "position": [
    -4.191301278770716,
    0.19015113854702692,
    8.63830969669983
  ],
  "focal_length": 885.2943725585938,
  "principal_point": [
    294.85223388671875,
    832.7168579101562
  ],
  "skew": 0.0,
  "pixel_aspect_ratio": 1.0,
  "radial_distortion": [
    -0.0803944543004036,
    0.04438035190105438,
    0.0
  ],
  "tangential_distortion": [
    0.037947043776512146,
    -0.009519228711724281
  ],
  "image_size": [
    720,
    1280
  ]
}