{
  "orientation": [
    [
      0.9892412239562066,
      -0.03892629697634442,
      0.14101965901723013
    ],
    [
      0.005368534773245198,
      -0.953641292367696,
      -0.30089776390936995
    ],
    [
      0.14619500559189724,
      0.298417541198536,
      -0.943172302098087
    ]
  ],
  "position": [
    -2.3471202563185134,
    -6.090552635820171,
    8.63830969669983
  ],
  "focal_length": 885.2943725585938,
  "principal_point": [
    294.85223388671875,
    832.7168579101562
  ],
  "skew": 0.0,
  "pixel_aspect_ratio": 1.0,
  "radial_distortion": [
    -0.0803944543004036,
    0.04438035190105438,
    0.0
  ],
  "tangential_distortion": [
    0.037947043776512146,
    -0.009519228711724281
  ],
  "image_size": [
    720,
    1280
  ]
}