{
  "orientation": [
    [
      0.9723709981856435,
      -0.035803154769691745,
      -0.23067894571458547
    ],
    [
      0.007958443479963932,
      -0.9825099364916147,
      0.18604001685825447
    ],
    [
      -0.23330517582092214,
      -0.18273576224642205,
      -0.9550792302900256
    ]
  ],
  "position": [
    2.3471414611126784,
    -0.12131327705990858,
    8.63830969669983
  ],
  "focal_length": 885.2943725585938,
  "principal_point": [
    294.85223388671875,
    832.7168579101562
  ],
  "skew": 0.0,
  "pixel_aspect_ratio": 1.0,
  "radial_distortion": [
    -0.0803944543004036,
    0.04438035190105438,
    0.0
  ],
  "tangential_distortion": [
    0.037947043776512146,
    -0.009519228711724281
  ],
  "image_size": [
    720,
    1280
  ]
}