{
  "orientation": [
    [
      0.9991610898735974,
      -0.03846176712242728,
      0.014064457061155555
    ],
    [
      -0.031996166872249036,
      -0.9475176759352887,
      -0.31809825383939583
    ],
    [
      0.02556094262909937,
      0.31738138927796267,
      -0.9479534228810519
    ]
  ],
  "position": [
    -0.8417943756510794,
    -6.306985822849016,
    8.63830969669983
  ],
  "focal_length": 885.2943725585938,
  "principal_point": [
    294.85223388671875,
    832.7168579101562
  ],
  "skew": 0.0,
  "pixel_aspect_ratio": 1.0,
  "radial_distortion": [
    -0.0803944543004036,
    0.04438035190105438,
    0.0
  ],
  "tangential_distortion": [
    0.037947043776512146,
    -0.009519228711724281
  ],
  "image_size": [
    720,
    1280
  ]
}