{
  "orientation": [
    [
      0.9808405185169496,
      -0.03639007444370969,
      -0.1913834886226673
    ],
    [
      0.00953438611709835,
      -0.9722547044780758,
      0.23373036837693872
    ],
    [
      -0.19457896267780708,
      -0.23107693978896005,
      -0.9532798514502432
    ]
  ],
  "position": [
    1.8749535685135752,
    0.47912247256315155,
    8.63830969669983
  ],
  "focal_length": 885.2943725585938,
  "principal_point": [
    294.85223388671875,
    832.7168579101562
  ],
  "skew": 0.0,
  "pixel_aspect_ratio": 1.0,
  "radial_distortion": [
    -0.0803944543004036,
    0.04438035190105438,
    0.0
  ],
  "tangential_distortion": [
    0.037947043776512146,
    -0.009519228711724281
  ],
  "image_size": [
    720,
    1280
  ]
}