{
  "orientation": [
    [
      0.9890635703290289,
      -0.03702961115801871,
      -0.1427657583087763
    ],
    [
      0.003473277004580097,
      -0.9618539138340213,
      0.27354155952802633
    ],
    [
      -0.14744894097565928,
      -0.27104585652553564,
      -0.9512060520547035
    ]
  ],
  "position": [
    1.2976655134958757,
    0.9793454197341789,
    8.63830969669983
  ],
  "focal_length": 885.2943725585938,
  "principal_point": [
    294.85223388671875,
    832.7168579101562
  ],
  "skew": 0.0,
  "pixel_aspect_ratio": 1.0,
  "radial_distortion": [
    -0.0803944543004036,
    0.04438035190105438,
    0.0
  ],
  "tangential_distortion": [
    0.037947043776512146,
    -0.009519228711724281
  ],
  "image_size": [
    720,
    1280
  ]
}