{
  "orientation": [
    [
      0.9751320021014873,
      -0.03598906329131464,
      -0.21868325450513731
    ],
    [
      0.009314122158957189,
      -0.9792004588260744,
      0.20268129801048135
    ],
    [
      -0.22142905321107467,
      -0.19967786246406807,
      -0.9545144973418832
    ]
  ],
  "position": [
    2.2025623257753724,
    0.08869355913108024,
    8.63830969669983
  ],
  "focal_length": 885.2943725585938,
  "principal_point": [
    294.85223388671875,
    832.7168579101562
  ],
  "skew": 0.0,
  "pixel_aspect_ratio": 1.0,
  "radial_distortion": [
    -0.0803944543004036,
    0.04438035190105438,
    0.0
  ],
  "tangential_distortion": [
    0.037947043776512146,
    -0.009519228711724281
  ],
  "image_size": [
    720,
    1280
  ]
}