{
  "orientation": [
    [
      0.9746252257160366,
      -0.03889392328760603,
      0.22043804601126016
    ],
    [
      -0.09900258382663944,
      -0.9581311464088085,
      0.2686693035629331
    ],
    [
      0.20075895445437514,
      -0.2836758167568045,
      -0.9376693837348781
    ]
  ],
  "position": [
    -3.041953178756825,
    1.1860669364180625,
    8.63830969669983
  ],
  "focal_length": 885.2943725585938,
  "principal_point": [
    294.85223388671875,
    832.7168579101562
  ],
  "skew": 0.0,
  "pixel_aspect_ratio": 1.0,
  "radial_distortion": [
    -0.0803944543004036,
    0.04438035190105438,
    0.0
  ],
  "tangential_distortion": [
    0.037947043776512146,
    -0.009519228711724281
  ],
  "image_size": [
    720,
    1280
  ]
}