{
  "orientation": [
    [
      0.9862142366731137,
      -0.03894195968583418,
      0.16082600274549705
    ],
    [
      0.010082022142764997,
      -0.9559672794599797,
      -0.29330003994441894
    ],
    [
      0.16516607464240513,
      0.29087812633079135,
      -0.9423959270972617
    ]
  ],
  "position": [
    -2.5852931521999394,
    -5.999559947711253,
    8.63830969669983
  ],
  "focal_length": 885.2943725585938,
  "principal_point": [
    294.85223388671875,
    832.7168579101562
  ],
  "skew": 0.0,
  "pixel_aspect_ratio": 1.0,
  "radial_distortion": [
    -0.0803944543004036,
    0.04438035190105438,
    0.0
  ],
  "tangential_distortion": [
    0.037947043776512146,
    -0.009519228711724281
  ],
  "image_size": [
    720,
    1280
  ]
}