{
  "orientation": [
    [
      0.9989729398824727,
      -0.03819858351552885,
      -0.024370752962860398
    ],
    [
      -0.028344295043268686,
      -0.9464487347442553,
      0.32160751458804343
    ],
    [
      -0.03535061981167707,
      -0.320586432523907,
      -0.9465593869169143
    ]
  ],
  "position": [
    -0.08570781683760564,
    1.61111085118536,
    8.63830969669983
  ],
  "focal_length": 885.2943725585938,
  "principal_point": [
    294.85223388671875,
    832.7168579101562
  ],
  "skew": 0.0,
  "pixel_aspect_ratio": 1.0,
  "radial_distortion": [
    -0.0803944543004036,
    0.04438035190105438,
    0.0
  ],
  "tangential_distortion": [
    0.037947043776512146,
    -0.009519228711724281
  ],
  "image_size": [
    720,
    1280
  ]
}