{
  "orientation": [
    [
      0.9586877308058628,
      -0.034933894291942366,
      -0.28230738182326215
    ],
    [
      -0.04920100123914313,
      -0.9978365824746513,
      -0.04360523079143129
    ],
    [
      -0.2801733325628468,
      0.05569360560160877,
      -0.9583324715440465
    ]
  ],
  "position": [
    2.9123677632573868,
    -3.053985811918413,
    8.63830969669983
  ],
  "focal_length": 885.2943725585938,
  "principal_point": [
    294.85223388671875,
    832.7168579101562
  ],
  "skew": 0.0,
  "pixel_aspect_ratio": 1.0,
  "radial_distortion": [
    -0.0803944543004036,
    0.04438035190105438,
    0.0
  ],
  "tangential_distortion": [
    0.037947043776512146,
    -0.009519228711724281
  ],
  "image_size": [
    720,
    1280
  ]
}