{
  "orientation": [
    [
      0.9885424784511923,
      -0.03893153845584824,
      0.1458358790251383
    ],
    [
      -0.08268154671529343,
      -0.947986671861935,
      0.30738417624350567
    ],
    [
      0.12628353071695736,
      -0.3159202514648161,
      -0.9403440139566299
    ]
  ],
  "position": [
    -2.1036557665921682,
    1.5790901314715549,
    8.63830969669983
  ],
  "focal_length": 885.2943725585938,
  "principal_point": [
    294.85223388671875,
    832.7168579101562
  ],
  "skew": 0.0,
  "pixel_aspect_ratio": 1.0,
  "radial_distortion": [
    -0.0803944543004036,
    0.04438035190105438,
    0.0
  ],
  "tangential_distortion": [
    0.037947043776512146,
    -0.009519228711724281
  ],
  "image_size": [
    720,
    1280
  ]
}