{
  "orientation": [
    [
      0.9932860133808293,
      -0.03741350371964993,
      -0.10946746256965367
    ],
    [
      -0.06736210197024609,
      -0.9563440986285769,
      -0.2843735434889199
    ],
    [
      -0.09404915119324021,
      0.2898382216991303,
      -0.9524434693996893
    ]
  ],
  "position": [
    0.6361419904772769,
    -5.948442339949162,
    8.63830969669983
  ],
  "focal_length": 885.2943725585938,
  "principal_point": [
    294.85223388671875,
    832.7168579101562
  ],
  "skew": 0.0,
  "pixel_aspect_ratio": 1.0,
  "radial_distortion": [
    -0.0803944543004036,
    0.04438035190105438,
    0.0
  ],
  "tangential_distortion": [
    0.037947043776512146,
    -0.009519228711724281
  ],
  "image_size": [
    720,
    1280
  ]
}