{
  "orientation": [
    [
      0.9325332603364304,
      -0.03820071337474112,
      0.35905768876876665
    ],
    [
      -0.04872758499861583,
      -0.9986055804279087,
      0.020310519403562197
    ],
    [
      0.35778113536980993,
      -0.0364362489274168,
      -0.9330943462145663
    ]
  ],
  "position": [
    -5.032736439926081,
    -1.9116522839724046,
    8.63830969669983
  ],
  "focal_length": 885.2943725585938,
  "principal_point": [
    294.85223388671875,
    832.7168579101562
  ],
  "skew": 0.0,
  "pixel_aspect_ratio": 1.0,
  "radial_distortion": [
    -0.0803944543004036,
    0.04438035190105438,
    0.0
  ],
  "tangential_distortion": [
    0.037947043776512146,
    -0.009519228711724281
  ],
  "image_size": [
    720,
    1280
  ]
}