{
  "orientation": [
    [
      0.9650301040655458,
      -0.03532767942935097,
      -0.25974767239261043
    ],
    [
      -0.0006029362349767101,
      -0.9911738372549074,
      0.13256719356341076
    ],
    [
      -0.2621383884804711,
      -0.12777472131653927,
      -0.9565338916511752
    ]
  ],
  "position": [
    2.697163090581098,
    -0.8002605167235359,
    8.63830969669983
  ],
  "focal_length": 885.2943725585938,
  "principal_point": [
    294.85223388671875,
    832.7168579101562
  ],
  "skew": 0.0,
  "pixel_aspect_ratio": 1.0,
  "radial_distortion": [
    -0.0803944543004036,
    0.04438035190105438,
    0.0
  ],
  "tangential_distortion": [
    0.037947043776512146,
    -0.009519228711724281
  ],
  "image_size": [
    720,
    1280
  ]
}