{
  "orientation": [
    [
      0.9976119178748037,
      -0.03868963966604533,
      0.057215147440755953
    ],
    [
      -0.01852302231830132,
      -0.9479045804816547,
      -0.3180154146359796
    ],
    [
      0.06653840213253984,
      0.3161961702557605,
      -0.9463575555556359
    ]
  ],
  "position": [
    -1.351398972020327,
    -6.2988994369007605,
    8.63830969669983
  ],
  "focal_length": 885.2943725585938,
  "principal_point": [
    294.85223388671875,
    832.7168579101562
  ],
  "skew": 0.0,
  "pixel_aspect_ratio": 1.0,
  "radial_distortion": [
    -0.0803944543004036,
    0.04438035190105438,
    0.0
  ],
  "tangential_distortion": [
    0.037947043776512146,
    -0.009519228711724281
  ],
  "image_size": [
    720,
    1280
  ]
}