{
  "orientation": [
    [
      0.9854275780898993,
      -0.038943394091949156,
      0.16557747551063362
    ],
    [
      -0.08786065413597674,
      -0.9500587122338514,
      0.2994477396197108
    ],
    [
      0.14564681182461087,
      -0.3096318061264943,
      -0.9396356479190066
    ]
  ],
  "position": [
    -2.3471202563185125,
    1.5033864996952473,
    8.63830969669983
  ],
  "focal_length": 885.2943725585938,
  "principal_point": [
    294.85223388671875,
    832.7168579101562
  ],
  "skew": 0.0,
  "pixel_aspect_ratio": 1.0,
  "radial_distortion": [
    -0.0803944543004036,
    0.04438035190105438,
    0.0
  ],
  "tangential_distortion": [
    0.037947043776512146,
    -0.009519228711724281
  ],
  "image_size": [
    720,
    1280
  ]
}