{
  "orientation": [
    [
      0.9580788085348636,
      -0.03489676479342101,
      -0.2843716097703299
    ],
    [
      -0.025739329877730942,
      -0.9990246853980587,
      0.03587707990841664
    ],
    [
      -0.2853462520059821,
      -0.027053535300626017,
      -0.9580425996237725
    ]
  ],
  "position": [
    2.976887980774092,
    -2.038748693282309,
    8.63830969669983
  ],
  "focal_length": 885.2943725585938,
  "principal_point": [
    294.85223388671875,
    832.7168579101562
  ],
  "skew": 0.0,
  "pixel_aspect_ratio": 1.0,
  "radial_distortion": [
    -0.0803944543004036,
    0.04438035190105438,
    0.0
  ],
  "tangential_distortion": [
    0.037947043776512146,
    -0.009519228711724281
  ],
  "image_size": [
    720,
    1280
  ]
}