{
  "orientation": [
    [
      0.979344587891676,
      -0.03892849022989976,
      0.19841560124068805
    ],
    [
      0.017401202225992687,
      -0.9614246026512473,
      -0.27451763436613913
    ],
    [
      0.20144819762999427,
      0.2723000294992855,
      -0.9408885787415612
    ]
  ],
  "position": [
    -3.041953178756822,
    -5.773233072542988,
    8.63830969669983
  ],
  "focal_length": 885.2943725585938,
  "principal_point": [
    294.85223388671875,
    832.7168579101562
  ],
  "skew": 0.0,
  "pixel_aspect_ratio": 1.0,
  "radial_distortion": [
    -0.0803944543004036,
    0.04438035190105438,
    0.0
  ],
  "tangential_distortion": [
    0.037947043776512146,
    -0.009519228711724281
  ],
  "image_size": [
    720,
    1280
  ]
}