{
  "orientation": [
    [
      0.9627536307823197,
      -0.03518476578618814,
      -0.26808110465311047
    ],
    [
      -0.06464231779365137,
      -0.9926962451791066,
      -0.10186037285209432
    ],
    [
      -0.26253917263091514,
      0.1153958277576541,
      -0.9579963391216066
    ]
  ],
  "position": [
    2.697163090581099,
    -3.786905619401387,
    8.63830969669983
  ],
  "focal_length": 885.2943725585938,
  "principal_point": [
    294.85223388671875,
    832.7168579101562
  ],
  "skew": 0.0,
  "pixel_aspect_ratio": 1.0,
  "radial_distortion": [
    -0.0803944543004036,
    0.04438035190105438,
    0.0
  ],
  "tangential_distortion": [
    0.037947043776512146,
    -0.009519228711724281
  ],
  "image_size": [
    720,
    1280
  ]
}