{
  "orientation": [
    [
      0.986442037996694,
      -0.03681465555394109,
      -0.1599274423273682
    ],
    [
      0.006336193944723095,
      -0.9652430420216395,
      0.26127709902535734
    ],
    [
      -0.16398767733956063,
      -0.25874804533610724,
      -0.9519230487363565
    ]
  ],
  "position": [
    1.5005551309247214,
    0.8249375159163743,
    8.63830969669983
  ],
  "focal_length": 885.2943725585938,
  "principal_point": [
    294.85223388671875,
    832.7168579101562
  ],
  "skew": 0.0,
  "pixel_aspect_ratio": 1.0,
  "radial_distortion": [
    -0.0803944543004036,
    0.04438035190105438,
    0.0
  ],
  "tangential_distortion": [
    0.037947043776512146,
    -0.009519228711724281
  ],
  "image_size": [
    720,
    1280
  ]
}