{
  "orientation": [
    [
      0.9561605334119805,
      -0.03864999285383846,
      0.2902812642898525
    ],
    [
      0.01945985471161546,
      -0.9806752049598499,
      -0.19467269051297184
    ],
    [
      0.2921957364506193,
      0.19178717483021313,
      -0.9369308038327727
    ]
  ],
  "position": [
    -4.191301278770716,
    -4.777317274671953,
    8.63830969669983
  ],
  "focal_length": 885.2943725585938,
  "principal_point": [
    294.85223388671875,
    832.7168579101562
  ],
  "skew": 0.0,
  "pixel_aspect_ratio": 1.0,
  "radial_distortion": [
    -0.0803944543004036,
    0.04438035190105438,
    0.0
  ],
  "tangential_distortion": [
    0.037947043776512146,
    -0.009519228711724281
  ],
  "image_size": [
    720,
    1280
  ]
}