{
  "orientation": [
    [
      0.9984391610061439,
      -0.03860913041018165,
      0.04035562932623929
    ],
    [
      -0.049710153349222685,
      -0.943713197871854,
      0.3270081051235204
    ],
    [
      0.02545864142769607,
      -0.32850378264404845,
      -0.9441594793069694
    ]
  ],
  "position": [
    -0.8417943756510802,
    1.7198196867240911,
    8.63830969669983
  ],
  "focal_length": 885.2943725585938,
  "principal_point": [
    294.85223388671875,
    832.7168579101562
  ],
  "skew": 0.0,
  "pixel_aspect_ratio": 1.0,
  "radial_distortion": [
    -0.0803944543004036,
    0.04438035190105438,
    0.0
  ],
  "tangential_distortion": [
    0.037947043776512146,
    -0.009519228711724281
  ],
  "image_size": [
    720,
    1280
  ]
}