{
  "orientation": [
    [
      0.9599654733842272,
      -0.038710525565568525,
      0.2774306852542343
    ],
    [
      0.021270076075655814,
      -0.9774726438745821,
      -0.20998765282885082
    ],
    [
      0.27930963781067847,
      0.20748186833376941,
      -0.9375166134734871
    ]
  ],
  "position": [
    -4.027414390037389,
    -4.972630063098983,
    8.63830969669983
  ],
  "focal_length": 885.2943725585938,
  "principal_point": [
    294.85223388671875,
    832.7168579101562
  ],
  "skew": 0.0,
  "pixel_aspect_ratio": 1.0,
  "radial_distortion": [
    -0.0803944543004036,
    0.04438035190105438,
    0.0
  ],
  "tangential_distortion": [
    0.037947043776512146,
    -0.009519228711724281
  ],
  "image_size": [
    720,
    1280
  ]
}