{
  "orientation": [
    [
      0.998240834371783,
      -0.038029854514493915,
      -0.045485896257333784
    ],
    [
      -0.02168246186388128,
      -0.948202296277106,
      0.3169262945581272
    ],
    [
      -0.05518249215328933,
      -0.31538252250311827,
      -0.9473588322590982
    ]
  ],
  "position": [
    0.16003601863152261,
    1.5431699581182694,
    8.63830969669983
  ],
  "focal_length": 885.2943725585938,
  "principal_point": [
    294.85223388671875,
    832.7168579101562
  ],
  "skew": 0.0,
  "pixel_aspect_ratio": 1.0,
  "radial_distortion": [
    -0.0803944543004036,
    0.04438035190105438,
    0.0
  ],
  "tangential_distortion": [
    0.037947043776512146,
    -0.009519228711724281
  ],
  "image_size": [
    720,
    1280
  ]
}