{
  "orientation": [
    [
      0.964707792684882,
      -0.035307329316918656,
      -0.2609449505730458
    ],
    [
      -0.06888721366142606,
      -0.9902981921708042,
      -0.12068157430694229
    ],
    [
      -0.25415236872204766,
      0.13439822573138252,
      -0.9577806066073945
    ]
  ],
  "position": [
    2.594940743641306,
    -4.020479139749807,
    8.63830969669983
  ],
  "focal_length": 885.2943725585938,
  "principal_point": [
    294.85223388671875,
    832.7168579101562
  ],
  "skew": 0.0,
  "pixel_aspect_ratio": 1.0,
  "radial_distortion": [
    -0.0803944543004036,
    0.04438035190105438,
    0.0
  ],
  "tangential_distortion": [
    0.037947043776512146,
    -0.009519228711724281
  ],
  "image_size": [
    720,
    1280
  ]
}