{
  "orientation": [
    [
      0.9707238934844068,
      -0.03885463587278582,
      0.2370346807740741
    ],
    [
      -0.10106846726162794,
      -0.9612910012452227,
      0.25632942837361167
    ],
    [
      0.21789971900821542,
      -0.2727818325991496,
      -0.9370751219939575
    ]
  ],
  "position": [
    -3.2586015006806477,
    1.0516440878043585,
    8.63830969669983
  ],
  "focal_length": 885.2943725585938,
  "principal_point": [
    294.85223388671875,
    832.7168579101562
  ],
  "skew": 0.0,
  "pixel_aspect_ratio": 1.0,
  "radial_distortion": [
    -0.0803944543004036,
    0.04438035190105438,
    0.0
  ],
  "tangential_distortion": [
    0.037947043776512146,
    -0.009519228711724281
  ],
  "image_size": [
    720,
    1280
  ]
}