{
  "orientation": [
    [
      0.9746778737273968,
      -0.035958170563865015,
      -0.22070353969961778
    ],
    [
      -0.0793769416663031,
      -0.9783461034091434,
      -0.191149687616407
    ],
    [
      -0.20905105500318596,
      0.20382814308589886,
      -0.9564265494475827
    ]
  ],
  "position": [
    2.0449548183070076,
    -4.876273944278978,
    8.63830969669983
  ],
  "focal_length": 885.2943725585938,
  "principal_point": [
    294.85223388671875,
    832.7168579101562
  ],
  "skew": 0.0,
  "pixel_aspect_ratio": 1.0,
  "radial_distortion": [
    -0.0803944543004036,
    0.04438035190105438,
    0.0
  ],
  "tangential_distortion": [
    0.037947043776512146,
    -0.009519228711724281
  ],
  "image_size": [
    720,
    1280
  ]
}