{
  "orientation": [
    [
      0.9428681973720041,
      -0.0384103584296941,
      0.3309444164051868
    ],
    [
      0.004454108119497174,
      -0.9917899779175884,
      -0.12779984594313404
    ],
    [
      0.33313619332838496,
      0.12197247258103525,
      -0.9349561447614221
    ]
  ],
  "position": [
    -4.71385770885567,
    -3.9045034096916726,
    8.63830969669983
  ],
  "focal_length": 885.2943725585938,
  "principal_point": [
    294.85223388671875,
    832.7168579101562
  ],
  "skew": 0.0,
  "pixel_aspect_ratio": 1.0,
  "radial_distortion": [
    -0.0803944543004036,
    0.04438035190105438,
    0.0
  ],
  "tangential_distortion": [
    0.037947043776512146,
    -0.009519228711724281
  ],
  "image_size": [
    720,
    1280
  ]
}