{
  "orientation": [
    [
      0.9910653089861339,
      -0.03720425443732439,
      -0.12808355388566395
    ],
    [
      -0.07143399309447768,
      -0.9590262233652646,
      -0.27416397926849456
    ],
    [
      -0.11263542051591525,
      0.2808639285303832,
      -0.9531152688398621
    ]
  ],
  "position": [
    0.8645870161439138,
    -5.835221900672496,
    8.63830969669983
  ],
  "focal_length": 885.2943725585938,
  "principal_point": [
    294.85223388671875,
    832.7168579101562
  ],
  "skew": 0.0,
  "pixel_aspect_ratio": 1.0,
  "radial_distortion": [
    -0.0803944543004036,
    0.04438035190105438,
    0.0
  ],
  "tangential_distortion": [
    0.037947043776512146,
    -0.009519228711724281
  ],
  "image_size": [
    720,
    1280
  ]
}