{
  "orientation": [
    [
      0.9599028276190964,
      -0.0350083175411644,
      -0.27813841739644746
    ],
    [
      -0.014549128402214298,
      -0.9970559524027679,
      0.07528446480479917
    ],
    [
      -0.2799551471068165,
      -0.06821909909362747,
      -0.9575861685129199
    ]
  ],
  "position": [
    2.9123677632573868,
    -1.5331803242065098,
    8.63830969669983
  ],
  "focal_length": 885.2943725585938,
  "principal_point": [
    294.85223388671875,
    832.7168579101562
  ],
  "skew": 0.0,
  "pixel_aspect_ratio": 1.0,
  "radial_distortion": [
    -0.0803944543004036,
    0.04438035190105438,
    0.0
  ],
  "tangential_distortion": [
    0.037947043776512146,
    -0.009519228711724281
  ],
  "image_size": [
    720,
    1280
  ]
}