{
  "orientation": [
    [
      0.9449559501609551,
      -0.0384504790628711,
      0.3249304739713439
    ],
    [
      -0.09118042397811237,
      -0.9846776122804992,
      0.14864767121198466
    ],
    [
      0.3142361890975929,
      -0.17009279976945035,
      -0.9339828996978539
    ]
  ],
  "position": [
    -4.480313970511492,
    -0.2296510747524234,
    8.63830969669983
  ],
  "focal_length": 885.2943725585938,
  "principal_point": [
    294.85223388671875,
    832.7168579101562
  ],
  "skew": 0.0,
  "pixel_aspect_ratio": 1.0,
  "radial_distortion": [
    -0.0803944543004036,
    0.04438035190105438,
    0.0
  ],
  "tangential_distortion": [
    0.037947043776512146,
    -0.009519228711724281
  ],
  "image_size": [
    720,
    1280
  ]
}