{
  "orientation": [
    [
      0.9341199422831676,
      -0.03823399274332037,
      0.35490575541655456
    ],
    [
      -0.06278403448473767,
      -0.9963454638065595,
      0.05791270815555976
    ],
    [
      0.3513945054247588,
      -0.07637983078663825,
      -0.9331066514639651
    ]
  ],
  "position": [
    -4.952208066011561,
    -1.4083855403134864,
    8.63830969669983
  ],
  "focal_length": 885.2943725585938,
  "principal_point": [
    294.85223388671875,
    832.7168579101562
  ],
  "skew": 0.0,
  "pixel_aspect_ratio": 1.0,
  "radial_distortion": [
    -0.0803944543004036,
    0.04438035190105438,
    0.0
  ],
  "tangential_distortion": [
    0.037947043776512146,
    -0.009519228711724281
  ],
  "image_size": [
    720,
    1280
  ]
}