{
  "orientation": [
    [
      0.9638671481830648,
      -0.038767894865612974,
      0.26354728414676254
    ],
    [
      0.022228372562116502,
      -0.9741974309178572,
      -0.22460023385180766
    ],
    [
      0.2654543653939136,
      0.22234301410373955,
      -0.9381351522955416
    ]
  ],
  "position": [
    -3.8514699560320027,
    -5.157155274829944,
    8.63830969669983
  ],
  "focal_length": 885.2943725585938,
  "principal_point": [
    294.85223388671875,
    832.7168579101562
  ],
  "skew": 0.0,
  "pixel_aspect_ratio": 1.0,
  "radial_distortion": [
    -0.0803944543004036,
    0.04438035190105438,
    0.0
  ],
  "tangential_distortion": [
    0.037947043776512146,
    -0.009519228711724281
  ],
  "image_size": [
    720,
    1280
  ]
}