{
  "orientation": [
    [
      0.9576926915142032,
      -0.03487327701679653,
      -0.28567212529470026
    ],
    [
      -0.03161893395685884,
      -0.9993719579389067,
      0.015997896761377285
    ],
    [
      -0.2860506102697789,
      -0.006288420744961137,
      -0.958193876065184
    ]
  ],
  "position": [
    2.9849774215607177,
    -2.2935830680624623,
    8.63830969669983
  ],
  "focal_length": 885.2943725585938,
  "principal_point": [
    294.85223388671875,
    832.7168579101562
  ],
  "skew": 0.0,
  "pixel_aspect_ratio": 1.0,
  "radial_distortion": [
    -0.0803944543004036,
    0.04438035190105438,
    0.0
  ],
  "tangential_distortion": [
    0.037947043776512146,
    -0.009519228711724281
  ],
  "image_size": [
    720,
    1280
  ]
}