{
  "orientation": [
    [
      0.9980440813535468,
      -0.03799461541940567,
      -0.049642933780006344
    ],
    [
      -0.05146364281172528,
      -0.9501814242937319,
      -0.3074195088078859
    ],
    [
      -0.035489507515627634,
      0.3093730274705055,
      -0.9502782880451557
    ]
  ],
  "position": [
    -0.08570781683760487,
    -6.198276987310285,
    8.63830969669983
  ],
  "focal_length": 885.2943725585938,
  "principal_point": [
    294.85223388671875,
    832.7168579101562
  ],
  "skew": 0.0,
  "pixel_aspect_ratio": 1.0,
  "radial_distortion": [
    -0.0803944543004036,
    0.04438035190105438,
    0.0
  ],
  "tangential_distortion": [
    0.037947043776512146,
    -0.009519228711724281
  ],
  "image_size": [
    720,
    1280
  ]
}