{
  "orientation": [
    [
      0.9326580526390107,
      -0.03820334407167092,
      0.35873313388834044
    ],
    [
      -0.03422122234539308,
      -0.9992620005227328,
      -0.017445980983968084
    ],
    [
      0.3591348838372508,
      0.003994848313432321,
      -0.9332771166155083
    ]
  ],
  "position": [
    -5.048907176118174,
    -2.421064436918692,
    8.63830969669983
  ],
  "focal_length": 885.2943725585938,
  "principal_point": [
    294.85223388671875,
    832.7168579101562
  ],
  "skew": 0.0,
  "pixel_aspect_ratio": 1.0,
  "radial_distortion": [
    -0.0803944543004036,
    0.04438035190105438,
    0.0
  ],
  "tangential_distortion": [
    0.037947043776512146,
    -0.009519228711724281
  ],
  "image_size": [
    720,
    1280
  ]
}