{
  "orientation": [
    [
      0.9576661906519635,
      -0.03487166652488048,
      -0.2857611487867705
    ],
    [
      -0.03755579436476126,
      -0.9992868583027409,
      -0.003916265193963715
    ],
    [
      -0.28542079390224706,
      0.014482461711160001,
      -0.9582928720965191
    ]
  ],
  "position": [
    2.976887980774092,
    -2.5484174428426156,
    8.63830969669983
  ],
  "focal_length": 885.2943725585938,
  "principal_point": [
    294.85223388671875,
    832.7168579101562
  ],
  "skew": 0.0,
  "pixel_aspect_ratio": 1.0,
  "radial_distortion": [
    -0.0803944543004036,
    0.04438035190105438,
    0.0
  ],
  "tangential_distortion": [
    0.037947043776512146,
    -0.009519228711724281
  ],
  "image_size": [
    720,
    1280
  ]
}