{
  "orientation": [
    [
      0.9610827128421487,
      -0.035081023110812175,
      -0.2740243436147135
    ],
    [
      -0.059889350064731964,
      -0.9947735926398769,
      -0.08269682663304728
    ],
    [
      -0.26969109148208786,
      0.09588963032492591,
      -0.9581606827517758
    ]
  ],
  "position": [
    2.784365482676219,
    -3.5473190161976182,
    8.63830969669983
  ],
  "focal_length": 885.2943725585938,
  "principal_point": [
    294.85223388671875,
    832.7168579101562
  ],
  "skew": 0.0,
  "pixel_aspect_ratio": 1.0,
  "radial_distortion": [
    -0.0803944543004036,
    0.04438035190105438,
    0.0
  ],
  "tangential_distortion": [
    0.037947043776512146,
    -0.009519228711724281
  ],
  "image_size": [
    720,
    1280
  ]
}