{
  "orientation": [
    [
      0.9458154023402043,
      -0.038466752250232154,
      0.3224182588926327
    ],
    [
      0.009268453381766788,
      -0.9893550912166873,
      -0.14522602816138228
    ],
    [
      0.3245725195822152,
      0.1403453328577044,
      -0.9353907563564613
    ]
  ],
  "position": [
    -4.60427602141453,
    -4.134716031846462,
    8.63830969669983
  ],
  "focal_length": 885.2943725585938,
  "principal_point": [
    294.85223388671875,
    832.7168579101562
  ],
  "skew": 0.0,
  "pixel_aspect_ratio": 1.0,
  "radial_distortion": [
    -0.0803944543004036,
    0.04438035190105438,
    0.0
  ],
  "tangential_distortion": [
    0.037947043776512146,
    -0.009519228711724281
  ],
  "image_size": [
    720,
    1280
  ]
}