{
  "orientation": [
    [
      0.9992599325163002,
      -0.03835226848700074,
      -0.0029480110956829147
    ],
    [
      -0.0353152712512142,
      -0.9451025420050168,
      0.32485999555517575
    ],
    [
      -0.015245290550606885,
      -0.32451546742421483,
      -0.9457575231096346
    ]
  ],
  "position": [
    -0.335265968204177,
    1.6633289199770278,
    8.63830969669983
  ],
  "focal_length": 885.2943725585938,
  "principal_point": [
    294.85223388671875,
    832.7168579101562
  ],
  "skew": 0.0,
  "pixel_aspect_ratio": 1.0,
  "radial_distortion": [
    -0.0803944543004036,
    0.04438035190105438,
    0.0
  ],
  "tangential_distortion": [
    0.037947043776512146,
    -0.009519228711724281
  ],
  "image_size": [
    720,
    1280
  ]
}