{
  "orientation": [
    [
      0.934487555718938,
      -0.03824165013487247,
      0.35393584786145427
    ],
    [
      -0.02002927776781319,
      -0.9982866044659664,
      -0.05497893574734758
    ],
    [
      0.3554319009860318,
      0.044288051873763855,
      -0.9336523615472102
    ]
  ],
  "position": [
    -5.000460081389181,
    -2.9284253669189106,
    8.63830969669983
  ],
  "focal_length": 885.2943725585938,
  "principal_point": [
    294.85223388671875,
    832.7168579101562
  ],
  "skew": 0.0,
  "pixel_aspect_ratio": 1.0,
  "radial_distortion": [
    -0.0803944543004036,
    0.04438035190105438,
    0.0
  ],
  "tangential_distortion": [
    0.037947043776512146,
    -0.009519228711724281
  ],
  "image_size": [
    720,
    1280
  ]
}