{
  "orientation": [
    [
      0.9886080572224655,
      -0.036991270959270066,
      -0.14589638469694904
    ],
    [
      -0.07477648841428058,
      -0.9619496083102181,
      -0.26279541063771755
    ],
    [
      -0.1306238338713546,
      0.27071127967751085,
      -0.953757210761792
    ]
  ],
  "position": [
    1.0853912240213306,
    -5.707740531816267,
    8.63830969669983
  ],
  "focal_length": 885.2943725585938,
  "principal_point": [
    294.85223388671875,
    832.7168579101562
  ],
  "skew": 0.0,
  "pixel_aspect_ratio": 1.0,
  "radial_distortion": [
    -0.0803944543004036,
    0.04438035190105438,
    0.0
  ],
  "tangential_distortion": [
    0.037947043776512146,
    -0.009519228711724281
  ],
  "image_size": [
    720,
    1280
  ]
}