{
  "orientation": [
    [
      0.9525029882866023,
      -0.03858807894596177,
      0.30207452303753285
    ],
    [
      0.01682719599223792,
      -0.9837546293002203,
      -0.1787279351568323
    ],
    [
      0.3040639781035096,
      0.1753219595305912,
      -0.9363798949818508
    ]
  ],
  "position": [
    -4.342470707573911,
    -4.572003365213416,
    8.63830969669983
  ],
  "focal_length": 885.2943725585938,
  "principal_point": [
    294.85223388671875,
    832.7168579101562
  ],
  "skew": 0.0,
  "pixel_aspect_ratio": 1.0,
  "radial_distortion": [
    -0.0803944543004036,
    0.04438035190105438,
    0.0
  ],
  "tangential_distortion": [
    0.037947043776512146,
    -0.009519228711724281
  ],
  "image_size": [
    720,
    1280
  ]
}