{
  "orientation": [
    [
      0.942087841392246,
      -0.03839515440179019,
      0.33316108899353924
    ],
    [
      -0.08660685471709534,
      -0.9875806585650243,
      0.13108659559346492
    ],
    [
      0.32399035759866407,
      -0.1523491219099584,
      -0.9337130143873729
    ]
  ],
  "position": [
    -4.604276021414529,
    -0.45245010427846144,
    8.63830969669983
  ],
  "focal_length": 885.2943725585938,
  "principal_point": [
    294.85223388671875,
    832.7168579101562
  ],
  "skew": 0.0,
  "pixel_aspect_ratio": 1.0,
  "radial_distortion": [
    -0.0803944543004036,
    0.04438035190105438,
    0.0
  ],
  "tangential_distortion": [
    0.037947043776512146,
    -0.009519228711724281
  ],
  "image_size": [
    720,
    1280
  ]
}