{
  "orientation": [
    [
      0.9597205807700526,
      -0.03499712638850703,
      -0.2787680182354853
    ],
    [
      -0.05471232233199854,
      -0.996496418846931,
      -0.06325700759822164
    ],
    [
      -0.2755775183708433,
      0.07596109773949322,
      -0.9582728958907157
    ]
  ],
  "position": [
    2.85619678667124,
    -3.302684060828999,
    8.63830969669983
  ],
  "focal_length": 885.2943725585938,
  "principal_point": [
    294.85223388671875,
    832.7168579101562
  ],
  "skew": 0.0,
  "pixel_aspect_ratio": 1.0,
  "radial_distortion": [
    -0.0803944543004036,
    0.04438035190105438,
    0.0
  ],
  "tangential_distortion": [
    0.037947043776512146,
    -0.009519228711724281
  ],
  "image_size": [
    720,
    1280
  ]
}