{
  "orientation": [
    [
      0.937941959377075,
      -0.03831259089569564,
      0.3446694448580443
    ],
    [
      -0.006902372043776587,
      -0.9957442126296007,
      -0.09190114403436891
    ],
    [
      0.34672357592189007,
      0.0838189023640586,
      -0.9342147255885135
    ]
  ],
  "position": [
    -4.8881746876289,
    -3.425571446684672,
    8.63830969669983
  ],
  "focal_length": 885.2943725585938,
  "principal_point": [
    294.85223388671875,
    832.7168579101562
  ],
  "skew": 0.0,
  "pixel_aspect_ratio": 1.0,
  "radial_distortion": [
    -0.0803944543004036,
    0.04438035190105438,
    0.0
  ],
  "tangential_distortion": [
    0.037947043776512146,
    -0.009519228711724281
  ],
  "image_size": [
    720,
    1280
  ]
}