{
  "orientation": [
    [
      0.9836822838990563,
      -0.03660063238087924,
      -0.17615208784586145
    ],
    [
      0.00836272617139868,
      -0.9687288259522077,
      0.2479808996278533
    ],
    [
      -0.1797198629927103,
      -0.24540752938444446,
      -0.9526153029252177
    ]
  ],
  "position": [
    1.693243111427108,
    0.6579724303692944,
    8.63830969669983
  ],
  "focal_length": 885.2943725585938,
  "principal_point": [
    294.85223388671875,
    832.7168579101562
  ],
  "skew": 0.0,
  "pixel_aspect_ratio": 1.0,
  "radial_distortion": [
    -0.0803944543004036,
    0.04438035190105438,
    0.0
  ],
  "tangential_distortion": [
    0.037947043776512146,
    -0.009519228711724281
  ],
  "image_size": [
    720,
    1280
  ]
}