{
  "orientation": [
    [
      0.993745716238272,
      -0.03885732034414467,
      0.10468791770665967
    ],
    [
      -0.07059726279947047,
      -0.9449911746950211,
      0.31938645280247346
    ],
    [
      0.08651865661986627,
      -0.32477959973526144,
      -0.9418241521921685
    ]
  ],
  "position": [
    -1.6047907477633134,
    1.6834736898859535,
    8.63830969669983
  ],
  "focal_length": 885.2943725585938,
  "principal_point": [
    294.85223388671875,
    832.7168579101562
  ],
  "skew": 0.0,
  "pixel_aspect_ratio": 1.0,
  "radial_distortion": [
    -0.0803944543004036,
    0.04438035190105438,
    0.0
  ],
  "tangential_distortion": [
    0.037947043776512146,
    -0.009519228711724281
  ],
  "image_size": [
    720,
    1280
  ]
}