{
  "orientation": [
    [
      0.9756078840728071,
      -0.038902408700470965,
      0.21604596532284895
    ],
    [
      0.019886972327598486,
      -0.9644623699443233,
      -0.2634707674354412
    ],
    [
      0.21861785120758426,
      0.26134065806659423,
      -0.9401634408839231
    ]
  ],
  "position": [
    -3.2586015006806486,
    -5.638810223929282,
    8.63830969669983
  ],
  "focal_length": 885.2943725585938,
  "principal_point": [
    294.85223388671875,
    832.7168579101562
  ],
  "skew": 0.0,
  "pixel_aspect_ratio": 1.0,
  "radial_distortion": [
    -0.0803944543004036,
    0.04438035190105438,
    0.0
  ],
  "tangential_distortion": [
    0.037947043776512146,
    -0.009519228711724281
  ],
  "image_size": [
    720,
    1280
  ]
}