{
  "orientation": [
    [
      0.9828982289944264,
      -0.03894221247072012,
      0.17998493139011798
    ],
    [
      0.014115210209428027,
      -0.9585767361483154,
      -0.2844844490582685
    ],
    [
      0.18360782194766065,
      0.28215978629692823,
      -0.9416336988003923
    ]
  ],
  "position": [
    -2.817215416046373,
    -5.893644598709436,
    8.63830969669983
  ],
  "focal_length": 885.2943725585938,
  "principal_point": [
    294.85223388671875,
    832.7168579101562
  ],
  "skew": 0.0,
  "pixel_aspect_ratio": 1.0,
  "radial_distortion": [
    -0.0803944543004036,
    0.04438035190105438,
    0.0
  ],
  "tangential_distortion": [
    0.037947043776512146,
    -0.009519228711724281
  ],
  "image_size": [
    720,
    1280
  ]
}