{
  "orientation": [
    [
      0.9986192238001029,
      -0.03858470260262803,
      0.03564921572695095
    ],
    [
      -0.025229285853495438,
      -0.9474927272852262,
      -0.3187805120720629
    ],
    [
      0.04607742388852215,
      0.31744094327397465,
      -0.947157916369349
    ]
  ],
  "position": [
    -1.0967250206106658,
    -6.311031052424786,
    8.63830969669983
  ],
  "focal_length": 885.2943725585938,
  "principal_point": [
    294.85223388671875,
    832.7168579101562
  ],
  "skew": 0.0,
  "pixel_aspect_ratio": 1.0,
  "radial_distortion": [
    -0.0803944543004036,
    0.04438035190105438,
    0.0
  ],
  "tangential_distortion": [
    0.037947043776512146,
    -0.009519228711724281
  ],
  "image_size": [
    720,
    1280
  ]
}