{
  "orientation": [
    [
      0.9628162181906497,
      -0.03875295156338796,
      0.267363308503955
    ],
    [
      -0.10254995663781619,
      -0.9680119996258765,
      0.22898968311671578
    ],
    [
      0.24993686479316596,
      -0.2478930763967352,
      -0.9359917661453678
    ]
  ],
  "position": [
    -3.6641764428918044,
    0.7429837558392949,
    8.63830969669983
  ],
  "focal_length": 885.2943725585938,
  "principal_point": [
    294.85223388671875,
    832.7168579101562
  ],
  "skew": 0.0,
  "pixel_aspect_ratio": 1.0,
  "radial_distortion": [
    -0.0803944543004036,
    0.04438035190105438,
    0.0
  ],
  "tangential_distortion": [
    0.037947043776512146,
    -0.009519228711724281
  ],
  "image_size": [
    720,
    1280
  ]
}