{
  "orientation": [
    [
      0.9914912425003872,
      -0.03724292980870922,
      -0.12473203367339947
    ],
    [
      -0.00019220771430737693,
      -0.9586168419356274,
      0.284699338625082
    ],
    [
      -0.13017326569320237,
      -0.28225292653332773,
      -0.9504673620709649
    ]
  ],
  "position": [
    1.0853912240213306,
    1.1205743956913423,
    8.63830969669983
  ],
  "focal_length": 885.2943725585938,
  "principal_point": [
    294.85223388671875,
    832.7168579101562
  ],
  "skew": 0.0,
  "pixel_aspect_ratio": 1.0,
  "radial_distortion": [
    -0.0803944543004036,
    0.04438035190105438,
    0.0
  ],
  "tangential_distortion": [
    0.037947043776512146,
    -0.009519228711724281
  ],
  "image_size": [
    720,
    1280
  ]
}