{
  "orientation": [
    [
      0.9990846367473758,
      -0.03848948035621943,
      0.018666775759949582
    ],
    [
      -0.04247785097492541,
      -0.9441858051951777,
      0.3266631253210043
    ],
    [
      0.005051810756161786,
      -0.32715703441901156,
      -0.9449564826161265
    ]
  ],
  "position": [
    -0.5876335528726326,
    1.6996139007602906,
    8.63830969669983
  ],
  "focal_length": 885.2943725585938,
  "principal_point": [
    294.85223388671875,
    832.7168579101562
  ],
  "skew": 0.0,
  "pixel_aspect_ratio": 1.0,
  "radial_distortion": [
    -0.0803944543004036,
    0.04438035190105438,
    0.0
  ],
  "tangential_distortion": [
    0.037947043776512146,
    -0.009519228711724281
  ],
  "image_size": [
    720,
    1280
  ]
}