{
  "orientation": [
    [
      0.9779723947593884,
      -0.03618543709647051,
      -0.20557385347053417
    ],
    [
      0.009847784929867369,
      -0.9757639207868392,
      0.21860419031361283
    ],
    [
      -0.20850183745128564,
      -0.21581331060162287,
      -0.9539138319295957
    ]
  ],
  "position": [
    2.0449548183070085,
    0.2891078081540517,
    8.63830969669983
  ],
  "focal_length": 885.2943725585938,
  "principal_point": [
    294.85223388671875,
    832.7168579101562
  ],
  "skew": 0.0,
  "pixel_aspect_ratio": 1.0,
  "radial_distortion": [
    -0.0803944543004036,
    0.04438035190105438,
    0.0
  ],
  "tangential_distortion": [
    0.037947043776512146,
    -0.009519228711724281
  ],
  "image_size": [
    720,
    1280
  ]
}