{
  "orientation": [
    [
      0.9579995348357093,
      -0.0348919390005352,
      -0.2846391467232634
    ],
    [
      -0.04344965378752101,
      -0.9987719856545367,
      -0.023804374754199834
    ],
    [
      -0.28345902497593733,
      0.03517205232107953,
      -0.9583391403335325
    ]
  ],
  "position": [
    2.952652231737143,
    -2.8022256895377327,
    8.63830969669983
  ],
  "focal_length": 885.2943725585938,
  "principal_point": [
    294.85223388671875,
    832.7168579101562
  ],
  "skew": 0.0,
  "pixel_aspect_ratio": 1.0,
  "radial_distortion": [
    -0.0803944543004036,
    0.04438035190105438,
    0.0
  ],
  "tangential_distortion": [
    0.037947043776512146,
    -0.009519228711724281
  ],
  "image_size": [
    720,
    1280
  ]
}