{
  "orientation": [
    [
      0.9719415699073307,
      -0.03577463025016384,
      -0.23248604370270795
    ],
    [
      -0.07784587156555282,
      -0.9815929600404127,
      -0.17439977373637922
    ],
    [
      -0.22196757638509462,
      0.18760446857568416,
      -0.9568359098634218
    ]
  ],
  "position": [
    2.2025623257753724,
    -4.675859695256004,
    8.63830969669983
  ],
  "focal_length": 885.2943725585938,
  "principal_point": [
    294.85223388671875,
    832.7168579101562
  ],
  "skew": 0.0,
  "pixel_aspect_ratio": 1.0,
  "radial_distortion": [
    -0.0803944543004036,
    0.04438035190105438,
    0.0
  ],
  "tangential_distortion": [
    0.037947043776512146,
    -0.009519228711724281
  ],
  "image_size": [
    720,
    1280
  ]
}