{
  "orientation": [
    [
      0.9331150992761379,
      -0.03821295967499397,
      0.3575415797019428
    ],
    [
      -0.055859511209953666,
      -0.9976706020845785,
      0.039154626081469524
    ],
    [
      0.3552125089439679,
      -0.056507870682515705,
      -0.9330760601583665
    ]
  ],
  "position": [
    -5.000460081389181,
    -1.6587407692060148,
    8.63830969669983
  ],
  "focal_length": 885.2943725585938,
  "principal_point": [
    294.85223388671875,
    832.7168579101562
  ],
  "skew": 0.0,
  "pixel_aspect_ratio": 1.0,
  "radial_distortion": [
    -0.0803944543004036,
    0.04438035190105438,
    0.0
  ],
  "tangential_distortion": [
    0.037947043776512146,
    -0.009519228711724281
  ],
  "image_size": [
    720,
    1280
  ]
}