{
  "orientation": [
    [
      0.9784144147688466,
      -0.03892299315110432,
      0.20295377201888737
    ],
    [
      -0.09608319172975588,
      -0.9551739495411344,
      0.2800191893156847
    ],
    [
      0.18295697100563946,
      -0.29347525742752045,
      -0.9382958062563704
    ]
  ],
  "position": [
    -2.8172154160463734,
    1.3064784625845114,
    8.63830969669983
  ],
  "focal_length": 885.2943725585938,
  "principal_point": [
    294.85223388671875,
    832.7168579101562
  ],
  "skew": 0.0,
  "pixel_aspect_ratio": 1.0,
  "radial_distortion": [
    -0.0803944543004036,
    0.04438035190105438,
    0.0
  ],
  "tangential_distortion": [
    0.037947043776512146,
    -0.009519228711724281
  ],
  "image_size": [
    720,
    1280
  ]
}