{
  "orientation": [
    [
      0.9373516075686944,
      -0.03830060040249257,
      0.3462730538133062
    ],
    [
      -0.0756433925450323,
      -0.9926015622390513,
      0.0949748166877555
    ],
    [
      0.3400735816741171,
      -0.1152180656381767,
      -0.9333138573909284
    ]
  ],
  "position": [
    -4.808617786055762,
    -0.9193619562394857,
    8.63830969669983
  ],
  "focal_length": 885.2943725585938,
  "principal_point": [
    294.85223388671875,
    832.7168579101562
  ],
  "skew": 0.0,
  "pixel_aspect_ratio": 1.0,
  "radial_distortion": [
    -0.0803944543004036,
    0.04438035190105438,
    0.0
  ],
  "tangential_distortion": [
    0.037947043776512146,
    -0.009519228711724281
  ],
  "image_size": [
    720,
    1280
  ]
}