{
  "orientation": [
    [
      0.9589229596711151,
      -0.03869436325540745,
      0.28101513067421763
    ],
    [
      -0.10195612402765086,
      -0.971466501962534,
      0.21414430727417452
    ],
    [
      0.26471060837988214,
      -0.23399910644473917,
      -0.9355066605824975
    ]
  ],
  "position": [
    -3.8514699560320027,
    0.5699891387050187,
    8.63830969669983
  ],
  "focal_length": 885.2943725585938,
  "principal_point": [
    294.85223388671875,
    832.7168579101562
  ],
  "skew": 0.0,
  "pixel_aspect_ratio": 1.0,
  "radial_distortion": [
    -0.0803944543004036,
    0.04438035190105438,
    0.0
  ],
  "tangential_distortion": [
    0.037947043776512146,
    -0.009519228711724281
  ],
  "image_size": [
    720,
    1280
  ]
}