{
  "orientation": [
    [
      0.9395433354547359,
      -0.03834482851837603,
      0.3402763508216316
    ],
    [
      -0.08140302020186715,
      -0.990234632364534,
      0.11317650448697637
    ],
    [
      0.3326136935013412,
      -0.13403375318095256,
      -0.9334897342250869
    ]
  ],
  "position": [
    -4.71385770885567,
    -0.6826627264332523,
    8.63830969669983
  ],
  "focal_length": 885.2943725585938,
  "principal_point": [
    294.85223388671875,
    832.7168579101562
  ],
  "skew": 0.0,
  "pixel_aspect_ratio": 1.0,
  "radial_distortion": [
    -0.0803944543004036,
    0.04438035190105438,
    0.0
  ],
  "tangential_distortion": [
    0.037947043776512146,
    -0.009519228711724281
  ],
  "image_size": [
    720,
    1280
  ]
}