{
  "orientation": [
    [
      0.9955527516786546,
      -0.03765447683156588,
      -0.08635310648494351
    ],
    [
      -0.009719886138509111,
      -0.9528088200881201,
      0.30341535257092517
    ],
    [
      -0.09370294786458612,
      -0.30122664679079353,
      -0.9489374398898281
    ]
  ],
  "position": [
    0.6361419904772752,
    1.3612762038242376,
    8.63830969669983
  ],
  "focal_length": 885.2943725585938,
  "principal_point": [
    294.85223388671875,
    832.7168579101562
  ],
  "skew": 0.0,
  "pixel_aspect_ratio": 1.0,
  "radial_distortion": [
    -0.0803944543004036,
    0.04438035190105438,
    0.0
  ],
  "tangential_distortion": [
    0.037947043776512146,
    -0.009519228711724281
  ],
  "image_size": [
    720,
    1280
  ]
}