{
  "orientation": [
    [
      0.9803588265801841,
      -0.036355202340187555,
      -0.1938423854814229
    ],
    [
      -0.08001881162306415,
      -0.9716520477003181,
      -0.2224618798495855
    ],
    [
      -0.1802597041292288,
      0.23360350481656486,
      -0.9554767614152947
    ]
  ],
  "position": [
    1.693243111427109,
    -5.245138566494219,
    8.63830969669983
  ],
  "focal_length": 885.2943725585938,
  "principal_point": [
    294.85223388671875,
    832.7168579101562
  ],
  "skew": 0.0,
  "pixel_aspect_ratio": 1.0,
  "radial_distortion": [
    -0.0803944543004036,
    0.04438035190105438,
    0.0
  ],
  "tangential_distortion": [
    0.037947043776512146,
    -0.009519228711724281
  ],
  "image_size": [
    720,
    1280
  ]
}