{
  "orientation": [
    [
      0.9992378895338427,
      -0.03832162437753025,
      -0.007422481055511575
    ],
    [
      -0.03870290052323229,
      -0.9479801238023523,
      -0.3159679894653339
    ],
    [
      0.005072042097689481,
      0.3160144584995187,
      -0.9487408162444657
    ]
  ],
  "position": [
    -0.5876335528726335,
    -6.286780036885215,
    8.63830969669983
  ],
  "focal_length": 885.2943725585938,
  "principal_point": [
    294.85223388671875,
    832.7168579101562
  ],
  "skew": 0.0,
  "pixel_aspect_ratio": 1.0,
  "radial_distortion": [
    -0.0803944543004036,
    0.04438035190105438,
    0.0
  ],
  "tangential_distortion": [
    0.037947043776512146,
    -0.009519228711724281
  ],
  "image_size": [
    720,
    1280
  ]
}