{
  "orientation": [
    [
      0.9973251762553241,
      -0.03871049282805408,
      0.06199992380879216
    ],
    [
      -0.05688860239599973,
      -0.9436917097199117,
      0.32589821098517857
    ],
    [
      0.04589313374260591,
      -0.3285535797262286,
      -0.9433696865621473
    ]
  ],
  "position": [
    -1.0967250206106676,
    1.7238649162998616,
    8.63830969669983
  ],
  "focal_length": 885.2943725585938,
  "principal_point": [
    294.85223388671875,
    832.7168579101562
  ],
  "skew": 0.0,
  "pixel_aspect_ratio": 1.0,
  "radial_distortion": [
    -0.0803944543004036,
    0.04438035190105438,
    0.0
  ],
  "tangential_distortion": [
    0.037947043776512146,
    -0.009519228711724281
  ],
  "image_size": [
    720,
    1280
  ]
}