{
  "orientation": [
    [
      0.9717446255132829,
      -0.03886571732727994,
      0.23281288366988095
    ],
    [
      0.021533842044643085,
      -0.9676389924769765,
      -0.25141812560938814
    ],
    [
      0.2350503699908722,
      0.24932756818045151,
      -0.9394610621587125
    ]
  ],
  "position": [
    -3.466288015490134,
    -5.490917326235982,
    8.63830969669983
  ],
  "focal_length": 885.2943725585938,
  "principal_point": [
    294.85223388671875,
    832.7168579101562
  ],
  "skew": 0.0,
  "pixel_aspect_ratio": 1.0,
  "radial_distortion": [
    -0.0803944543004036,
    0.04438035190105438,
    0.0
  ],
  "tangential_distortion": [
    0.037947043776512146,
    -0.009519228711724281
  ],
  "image_size": [
    720,
    1280
  ]
}