{
  "orientation": [
    [
      0.9693392292258188,
      -0.035603793956016754,
      -0.2431333554653351
    ],
    [
      -0.07555301628870092,
      -0.9847007982615019,
      -0.15702254498268758
    ],
    [
      -0.2338230108727,
      0.17057757109039381,
      -0.9571990868295512
    ]
  ],
  "position": [
    2.3471414611126784,
    -4.4658528590650155,
    8.63830969669983
  ],
  "focal_length": 885.2943725585938,
  "principal_point": [
    294.85223388671875,
    832.7168579101562
  ],
  "skew": 0.0,
  "pixel_aspect_ratio": 1.0,
  "radial_distortion": [
    -0.0803944543004036,
    0.04438035190105438,
    0.0
  ],
  "tangential_distortion": [
    0.037947043776512146,
    -0.009519228711724281
  ],
  "image_size": [
    720,
    1280
  ]
}