{
  "orientation": [
    [
      0.9970895087954966,
      -0.0378478180665703,
      -0.0661819772865326
    ],
    [
      -0.01544046660906239,
      -0.9503341537635144,
      0.3108481754514241
    ],
    [
      -0.07465991856980392,
      -0.3089215739604224,
      -0.9481526025387292
    ]
  ],
  "position": [
    0.40097601451152953,
    1.4597798147728218,
    8.63830969669983
  ],
  "focal_length": 885.2943725585938,
  "principal_point": [
    294.85223388671875,
    832.7168579101562
  ],
  "skew": 0.0,
  "pixel_aspect_ratio": 1.0,
  "radial_distortion": [
    -0.0803944543004036,
    0.04438035190105438,
    0.0
  ],
  "tangential_distortion": [
    0.037947043776512146,
    -0.009519228711724281
  ],
  "image_size": [
    720,
    1280
  ]
}