{
  "orientation": [
    [
      0.9630319624209007,
      -0.03520213907053612,
      -0.26707723369955655
    ],
    [
      -0.004754391110931743,
      -0.9934918657682222,
      0.11380381547883595
    ],
    [
      -0.26934519695163156,
      -0.10832692212573604,
      -0.9569317858770559
    ]
  ],
  "position": [
    2.784365482676219,
    -1.0398471199273065,
    8.63830969669983
  ],
  "focal_length": 885.2943725585938,
  "principal_point": [
    294.85223388671875,
    832.7168579101562
  ],
  "skew": 0.0,
  "pixel_aspect_ratio": 1.0,
  "radial_distortion": [
    -0.0803944543004036,
    0.04438035190105438,
    0.0
  ],
  "tangential_distortion": [
    0.037947043776512146,
    -0.009519228711724281
  ],
  "image_size": [
    720,
    1280
  ]
}