{
  "orientation": [
    [
      0.9323804334217288,
      -0.03819748864188474,
      0.35945469705341465
    ],
    [
      -0.04148291322857597,
      -0.9991381930649345,
      0.0014279597362119797
    ],
    [
      0.3590903720268472,
      -0.01624262972522897,
      -0.9331614446049674
    ]
  ],
  "position": [
    -5.048907176118174,
    -2.166101699206233,
    8.63830969669983
  ],
  "focal_length": 885.2943725585938,
  "principal_point": [
    294.85223388671875,
    832.7168579101562
  ],
  "skew": 0.0,
  "pixel_aspect_ratio": 1.0,
  "radial_distortion": [
    -0.0803944543004036,
    0.04438035190105438,
    0.0
  ],
  "tangential_distortion": [
    0.037947043776512146,
    -0.009519228711724281
  ],
  "image_size": [
    720,
    1280
  ]
}