{
  "orientation": [
    [
      0.9551419595045996,
      -0.03863309785161375,
      0.2936176441294044
    ],
    [
      -0.10048877755002128,
      -0.9749121379799753,
      0.19861603360709826
    ],
    [
      0.2785782525255987,
      -0.21921178565419625,
      -0.9350616825910911
    ]
  ],
  "position": [
    -4.027414390037389,
    0.38546392697405807,
    8.63830969669983
  ],
  "focal_length": 885.2943725585938,
  "principal_point": [
    294.85223388671875,
    832.7168579101562
  ],
  "skew": 0.0,
  "pixel_aspect_ratio": 1.0,
  "radial_distortion": [
    -0.0803944543004036,
    0.04438035190105438,
    0.0
  ],
  "tangential_distortion": [
    0.037947043776512146,
    -0.009519228711724281
  ],
  "image_size": [
    720,
    1280
  ]
}