{
  "orientation": [
    [
      0.9669147310811934,
      -0.03544748317360597,
      -0.2526249765063629
    ],
    [
      -0.07254703241455898,
      -0.9876184700110325,
      -0.13909236420777393
    ],
    [
      -0.244566618543955,
      0.15281764829274144,
      -0.9575144570523473
    ]
  ],
  "position": [
    2.4781100551692283,
    -4.247099059114747,
    8.63830969669983
  ],
  "focal_length": 885.2943725585938,
  "principal_point": [
    294.85223388671875,
    832.7168579101562
  ],
  "skew": 0.0,
  "pixel_aspect_ratio": 1.0,
  "radial_distortion": [
    -0.0803944543004036,
    0.04438035190105438,
    0.0
  ],
  "tangential_distortion": [
    0.037947043776512146,
    -0.009519228711724281
  ],
  "image_size": [
    720,
    1280
  ]
}