{
  "orientation": [
    [
      0.977500543160053,
      -0.03615241513247304,
      -0.20781167195778624
    ],
    [
      -0.08010931150157863,
      -0.9750139685572317,
      -0.2071961856044181
    ],
    [
      -0.19512864047223888,
      0.21918203393154007,
      -0.9559728289387146
    ]
  ],
  "position": [
    1.8749535685135752,
    -5.066288608688076,
    8.63830969669983
  ],
  "focal_length": 885.2943725585938,
  "principal_point": [
    294.85223388671875,
    832.7168579101562
  ],
  "skew": 0.0,
  "pixel_aspect_ratio": 1.0,
  "radial_distortion": [
    -0.0803944543004036,
    0.04438035190105438,
    0.0
  ],
  "tangential_distortion": [
    0.037947043776512146,
    -0.009519228711724281
  ],
  "image_size": [
    720,
    1280
  ]
}