{
  "orientation": [
    [
      0.9402335308887243,
      -0.03835859037903491,
      0.338363009113963
    ],
    [
      -0.0009613988515591657,
      -0.9939304999410185,
      -0.11000562258014589
    ],
    [
      0.3405289754261312,
      0.10310567312777066,
      -0.9345636613222765
    ]
  ],
  "position": [
    -4.808617786055763,
    -3.667804179885438,
    8.63830969669983
  ],
  "focal_length": 885.2943725585938,
  "principal_point": [
    294.85223388671875,
    832.7168579101562
  ],
  "skew": 0.0,
  "pixel_aspect_ratio": 1.0,
  "radial_distortion": [
    -0.0803944543004036,
    0.04438035190105438,
    0.0
  ],
  "tangential_distortion": [
    0.037947043776512146,
    -0.009519228711724281
  ],
  "image_size": [
    720,
    1280
  ]
}