{
  "orientation": [
    [
      0.9859677595991936,
      -0.03677708466318255,
      -0.16283434243004122
    ],
    [
      -0.0773412748348354,
      -0.9650641431822033,
      -0.25033882389857615
    ],
    [
      -0.14793885303688573,
      0.25941982497040766,
      -0.9543665177354316
    ]
  ],
  "position": [
    1.2976655134958748,
    -5.566511555859105,
    8.63830969669983
  ],
  "focal_length": 885.2943725585938,
  "principal_point": [
    294.85223388671875,
    832.7168579101562
  ],
  "skew": 0.0,
  "pixel_aspect_ratio": 1.0,
  "radial_distortion": [
    -0.0803944543004036,
    0.04438035190105438,
    0.0
  ],
  "tangential_distortion": [
    0.037947043776512146,
    -0.009519228711724281
  ],
  "image_size": [
    720,
    1280
  ]
}