{
  "orientation": [
    [
      0.9672774038428417,
      -0.03547070318599585,
      -0.2512294832031924
    ],
    [
      0.0029447523178806265,
      -0.9885433160138236,
      0.1509087167733522
    ],
    [
      -0.2537040647069701,
      -0.14671040038076535,
      -0.9560911598646213
    ]
  ],
  "position": [
    2.594940743641306,
    -0.5666869963751182,
    8.63830969669983
  ],
  "focal_length": 885.2943725585938,
  "principal_point": [
    294.85223388671875,
    832.7168579101562
  ],
  "skew": 0.0,
  "pixel_aspect_ratio": 1.0,
  "radial_distortion": [
    -0.0803944543004036,
    0.04438035190105438,
    0.0
  ],
  "tangential_distortion": [
    0.037947043776512146,
    -0.009519228711724281
  ],
  "image_size": [
    720,
    1280
  ]
}