{
  "orientation": [
    [
      0.9820338597556422,
      -0.03894004315391836,
      0.18464336254684804
    ],
    [
      -0.092350873156586,
      -0.9524680779468445,
      0.2903030773509984
    ],
    [
      0.16456249427087555,
      -0.3021394273037112,
      -0.938952049866197
    ]
  ],
  "position": [
    -2.5852931521999394,
    1.4123938115863286,
    8.63830969669983
  ],
  "focal_length": 885.2943725585938,
  "principal_point": [
    294.85223388671875,
    832.7168579101562
  ],
  "skew": 0.0,
  "pixel_aspect_ratio": 1.0,
  "radial_distortion": [
    -0.0803944543004036,
    0.04438035190105438,
    0.0
  ],
  "tangential_distortion": [
    0.037947043776512146,
    -0.009519228711724281
  ],
  "image_size": [
    720,
    1280
  ]
}